Year,SERIES,Reference area,UNIT_MEASURE,Value
2016,1.4.1 Percentage of total members of registered community fisheries and forestry with tenure rights to fisheries and forestry resources management through effective community registration and development,Cambodia,Percent,40
2017,1.4.1 Percentage of total members of registered community fisheries and forestry with tenure rights to fisheries and forestry resources management through effective community registration and development,Cambodia,Percent,43
2018,1.4.1 Percentage of total members of registered community fisheries and forestry with tenure rights to fisheries and forestry resources management through effective community registration and development,Cambodia,Percent,45
2019,1.4.1 Percentage of total members of registered community fisheries and forestry with tenure rights to fisheries and forestry resources management through effective community registration and development,Cambodia,Percent,48
2020,1.4.1 Percentage of total members of registered community fisheries and forestry with tenure rights to fisheries and forestry resources management through effective community registration and development,Cambodia,Percent,50
