Year,SERIES,Reference area,UNIT_MEASURE,Value
2016,14.b.1 Percentage of marine resources  which  small-scale fisheries farmers harvested and sold in a stable marke,Cambodia,Percent,70
2017,14.b.1 Percentage of marine resources  which  small-scale fisheries farmers harvested and sold in a stable marke,Cambodia,Percent,70
2018,14.b.1 Percentage of marine resources  which  small-scale fisheries farmers harvested and sold in a stable marke,Cambodia,Percent,70
2019,14.b.1 Percentage of marine resources  which  small-scale fisheries farmers harvested and sold in a stable marke,Cambodia,Percent,70
2020,14.b.1 Percentage of marine resources  which  small-scale fisheries farmers harvested and sold in a stable marke,Cambodia,Percent,70
