Year,SERIES,Reference area,UNIT_MEASURE,Value
2015,17.9.2 Amount of ODA to Economic and Development Policy/Planning (as % of GDP)​​​ committed to Cambodia,,Percent,0.03
2016,17.9.2 Amount of ODA to Economic and Development Policy/Planning (as % of GDP)​​​ committed to Cambodia,,Percent,0.03
2017,17.9.2 Amount of ODA to Economic and Development Policy/Planning (as % of GDP)​​​ committed to Cambodia,,Percent,0.02
2018,17.9.2 Amount of ODA to Economic and Development Policy/Planning (as % of GDP)​​​ committed to Cambodia,,Percent,0.02
2019,17.9.2 Amount of ODA to Economic and Development Policy/Planning (as % of GDP)​​​ committed to Cambodia,,Percent,0.02
2020,17.9.2 Amount of ODA to Economic and Development Policy/Planning (as % of GDP)​​​ committed to Cambodia,,Percent,0.02
