Year,SERIES,Reference area,UNIT_MEASURE,Value
2016,"2.3.1 Value of agricultural production per unit of labor engaged in agriculture (farming, animal husbandry and fisheries)",Cambodia,USD per farmer,1555
2017,"2.3.1 Value of agricultural production per unit of labor engaged in agriculture (farming, animal husbandry and fisheries)",Cambodia,USD per farmer,1656
2018,"2.3.1 Value of agricultural production per unit of labor engaged in agriculture (farming, animal husbandry and fisheries)",Cambodia,USD per farmer,1764
2019,"2.3.1 Value of agricultural production per unit of labor engaged in agriculture (farming, animal husbandry and fisheries)",Cambodia,USD per farmer,1878
2020,"2.3.1 Value of agricultural production per unit of labor engaged in agriculture (farming, animal husbandry and fisheries)",Cambodia,USD per farmer,2000
