Year,SERIES,Reference area,UNIT_MEASURE,Value
2016,"2.5.1 Number of plant genetic resources for food and agriculture secured​ in policy, strategy and either medium or long-term conservation facilities",,Number,95
2017,"2.5.1 Number of plant genetic resources for food and agriculture secured​ in policy, strategy and either medium or long-term conservation facilities",,Number,96
2018,"2.5.1 Number of plant genetic resources for food and agriculture secured​ in policy, strategy and either medium or long-term conservation facilities",,Number,98
2019,"2.5.1 Number of plant genetic resources for food and agriculture secured​ in policy, strategy and either medium or long-term conservation facilities",,Number,102
2020,"2.5.1 Number of plant genetic resources for food and agriculture secured​ in policy, strategy and either medium or long-term conservation facilities",,Number,105
