Year,SERIES,Reference area,UNIT_MEASURE,Value
2015,"3.c.1 Ratio of physician/nurse/midwife per 1,000 population",Cambodia,"Per 1,000 population",1.14
2016,"3.c.1 Ratio of physician/nurse/midwife per 1,000 population",Cambodia,"Per 1,000 population",1.3
2017,"3.c.1 Ratio of physician/nurse/midwife per 1,000 population",Cambodia,"Per 1,000 population",1.35
2018,"3.c.1 Ratio of physician/nurse/midwife per 1,000 population",Cambodia,"Per 1,000 population",1.36
2019,"3.c.1 Ratio of physician/nurse/midwife per 1,000 population",Cambodia,"Per 1,000 population",1.37
2020,"3.c.1 Ratio of physician/nurse/midwife per 1,000 population",Cambodia,"Per 1,000 population",1.38
