Year,SERIES,Reference area,UNIT_MEASURE,Value
2015,4.2.2 Percentage ofchildren attended all aspects of ECE,Cambodia,Percent,35.3
2016,4.2.2 Percentage ofchildren attended all aspects of ECE,Cambodia,Percent,37.0
2017,4.2.2 Percentage ofchildren attended all aspects of ECE,Cambodia,Percent,41.0
2018,4.2.2 Percentage ofchildren attended all aspects of ECE,Cambodia,Percent,41.8
2019,4.2.2 Percentage ofchildren attended all aspects of ECE,Cambodia,Percent,42.7
2020,4.2.2 Percentage ofchildren attended all aspects of ECE,Cambodia,Percent,43.5
