Year,SERIES,Reference area,UNIT_MEASURE,Value
2015,4.a.2 Proportion of schools with access to single-sex basic sanitation facilities,Cambodia,Percent,57.0
2016,4.a.2 Proportion of schools with access to single-sex basic sanitation facilities,Cambodia,Percent,62.5
2017,4.a.2 Proportion of schools with access to single-sex basic sanitation facilities,Cambodia,Percent,69.0
2018,4.a.2 Proportion of schools with access to single-sex basic sanitation facilities,Cambodia,Percent,68.7
2019,4.a.2 Proportion of schools with access to single-sex basic sanitation facilities,Cambodia,Percent,71.3
2020,4.a.2 Proportion of schools with access to single-sex basic sanitation facilities,Cambodia,Percent,73.9
