Year,SERIES,Reference area,UNIT_MEASURE,Value
2015,4.a.2 Proportion of schools with access to single-sex basic sanitation facilities,,Percent,57.0
2016,4.a.2 Proportion of schools with access to single-sex basic sanitation facilities,,Percent,62.5
2017,4.a.2 Proportion of schools with access to single-sex basic sanitation facilities,,Percent,69.0
2018,4.a.2 Proportion of schools with access to single-sex basic sanitation facilities,,Percent,68.7
2019,4.a.2 Proportion of schools with access to single-sex basic sanitation facilities,,Percent,71.3
2020,4.a.2 Proportion of schools with access to single-sex basic sanitation facilities,,Percent,73.9
