Year,SERIES,Reference area,UNIT_MEASURE,Value
2015,4.a.3 Proportion of schools with access to adapted infrastructure and materials for students with disabilities,Cambodia,Percent,0.0
2016,4.a.3 Proportion of schools with access to adapted infrastructure and materials for students with disabilities,Cambodia,Percent,1.3
2017,4.a.3 Proportion of schools with access to adapted infrastructure and materials for students with disabilities,Cambodia,Percent,2.7
2018,4.a.3 Proportion of schools with access to adapted infrastructure and materials for students with disabilities,Cambodia,Percent,4.0
2019,4.a.3 Proportion of schools with access to adapted infrastructure and materials for students with disabilities,Cambodia,Percent,31.4
2020,4.a.3 Proportion of schools with access to adapted infrastructure and materials for students with disabilities,Cambodia,Percent,33.4
