Year,SERIES,Reference area,Education level,UNIT_MEASURE,Value
2015,4.c.4 Percentage of secondary teachers qualified according to national standards,Cambodia,Secondary education (lower and upper secondary education),Percent,32.0
2016,4.c.4 Percentage of secondary teachers qualified according to national standards,Cambodia,Secondary education (lower and upper secondary education),Percent,85.8
2017,4.c.4 Percentage of secondary teachers qualified according to national standards,Cambodia,Secondary education (lower and upper secondary education),Percent,85.0
2018,4.c.4 Percentage of secondary teachers qualified according to national standards,Cambodia,Secondary education (lower and upper secondary education),Percent,86.0
2019,4.c.4 Percentage of secondary teachers qualified according to national standards,Cambodia,Secondary education (lower and upper secondary education),Percent,86.8
2020,4.c.4 Percentage of secondary teachers qualified according to national standards,Cambodia,Secondary education (lower and upper secondary education),Percent,87.5
