Year,SERIES,Reference area,UNIT_MEASURE,Value
2015,6.a.1 Amount of water- and sanitation-related official development assistance that is part of a government-coordinated spending plan,Cambodia,Percent,0.14
2016,6.a.1 Amount of water- and sanitation-related official development assistance that is part of a government-coordinated spending plan,Cambodia,Percent,0.14
2017,6.a.1 Amount of water- and sanitation-related official development assistance that is part of a government-coordinated spending plan,Cambodia,Percent,0.13
2018,6.a.1 Amount of water- and sanitation-related official development assistance that is part of a government-coordinated spending plan,Cambodia,Percent,0.12
2019,6.a.1 Amount of water- and sanitation-related official development assistance that is part of a government-coordinated spending plan,Cambodia,Percent,0.11
2020,6.a.1 Amount of water- and sanitation-related official development assistance that is part of a government-coordinated spending plan,Cambodia,Percent,0.11
