Year,SERIES,Reference area,UNIT_MEASURE,Value
2015,8.9.2  Number of employees in tourism industries as a proportion of total employees in all sectors,Cambodia,Percent,7.0
2016,8.9.2  Number of employees in tourism industries as a proportion of total employees in all sectors,Cambodia,Percent,7.0
2017,8.9.2  Number of employees in tourism industries as a proportion of total employees in all sectors,Cambodia,Percent,7.0
2018,8.9.2  Number of employees in tourism industries as a proportion of total employees in all sectors,Cambodia,Percent,7.0
2019,8.9.2  Number of employees in tourism industries as a proportion of total employees in all sectors,Cambodia,Percent,7.0
2020,8.9.2  Number of employees in tourism industries as a proportion of total employees in all sectors,Cambodia,Percent,7.5
