Year,SERIES,REF_AREA,UNIT_MEASURE,Value
2016,១.៣.១ សមាមាត្រនៃជនក្រីក្រ និងជនងាយរងគ្រោះដែលទទួលបានសេវាសង្រ្គោះសង្គម,KH,PT,2.32
2017,១.៣.១ សមាមាត្រនៃជនក្រីក្រ និងជនងាយរងគ្រោះដែលទទួលបានសេវាសង្រ្គោះសង្គម,KH,PT,3.79
2018,១.៣.១ សមាមាត្រនៃជនក្រីក្រ និងជនងាយរងគ្រោះដែលទទួលបានសេវាសង្រ្គោះសង្គម,KH,PT,3.67
2019,១.៣.១ សមាមាត្រនៃជនក្រីក្រ និងជនងាយរងគ្រោះដែលទទួលបានសេវាសង្រ្គោះសង្គម,KH,PT,3.54
2020,១.៣.១ សមាមាត្រនៃជនក្រីក្រ និងជនងាយរងគ្រោះដែលទទួលបានសេវាសង្រ្គោះសង្គម,KH,PT,3.43
