Year,SERIES,តំបន់យោង,UNIT_MEASURE,Value
2014,១០.៤.១ និវត្តជននិងជនបាត់បង់សម្បទាវិជ្ជាជីវៈ,,ចំនួន,47375
2016,១០.៤.១ និវត្តជននិងជនបាត់បង់សម្បទាវិជ្ជាជីវៈ,,ចំនួន,52274
2017,១០.៤.១ និវត្តជននិងជនបាត់បង់សម្បទាវិជ្ជាជីវៈ,,ចំនួន,54092
2018,១០.៤.១ និវត្តជននិងជនបាត់បង់សម្បទាវិជ្ជាជីវៈ,,ចំនួន,55702
2019,១០.៤.១ និវត្តជននិងជនបាត់បង់សម្បទាវិជ្ជាជីវៈ,,ចំនួន,57282
2020,១០.៤.១ និវត្តជននិងជនបាត់បង់សម្បទាវិជ្ជាជីវៈ,,ចំនួន,58762
2014,១០.៤.១ និវត្តជននិងជនបាត់បង់សម្បទាវិជ្ជាជីវៈ,បន្ទាយមានជ័យ,ចំនួន,1192
2014,១០.៤.១ និវត្តជននិងជនបាត់បង់សម្បទាវិជ្ជាជីវៈ,បាត់ដំបង,ចំនួន,2711
2014,១០.៤.១ និវត្តជននិងជនបាត់បង់សម្បទាវិជ្ជាជីវៈ,កំពង់ចាម,ចំនួន,4644
2014,១០.៤.១ និវត្តជននិងជនបាត់បង់សម្បទាវិជ្ជាជីវៈ,កំពង់ឆ្នាំង,ចំនួន,1325
2014,១០.៤.១ និវត្តជននិងជនបាត់បង់សម្បទាវិជ្ជាជីវៈ,កំពង់ស្ពឺ,ចំនួន,1743
2014,១០.៤.១ និវត្តជននិងជនបាត់បង់សម្បទាវិជ្ជាជីវៈ,កំពង់ធំ,ចំនួន,1732
2014,១០.៤.១ និវត្តជននិងជនបាត់បង់សម្បទាវិជ្ជាជីវៈ,កំពត,ចំនួន,1889
2014,១០.៤.១ និវត្តជននិងជនបាត់បង់សម្បទាវិជ្ជាជីវៈ,កណ្តាល,ចំនួន,3705
2014,១០.៤.១ និវត្តជននិងជនបាត់បង់សម្បទាវិជ្ជាជីវៈ,កែប,ចំនួន,242
2014,១០.៤.១ និវត្តជននិងជនបាត់បង់សម្បទាវិជ្ជាជីវៈ,កោះកុង,ចំនួន,230
2014,១០.៤.១ និវត្តជននិងជនបាត់បង់សម្បទាវិជ្ជាជីវៈ,ខេត្តក្រចេះ,ចំនួន,1052
2014,១០.៤.១ និវត្តជននិងជនបាត់បង់សម្បទាវិជ្ជាជីវៈ,មណ្ឌលគីរី,ចំនួន,315
2014,១០.៤.១ និវត្តជននិងជនបាត់បង់សម្បទាវិជ្ជាជីវៈ,ឧត្តរមានជ័យ,ចំនួន,190
2014,១០.៤.១ និវត្តជននិងជនបាត់បង់សម្បទាវិជ្ជាជីវៈ,ប៉ៃលិន,ចំនួន,146
2014,១០.៤.១ និវត្តជននិងជនបាត់បង់សម្បទាវិជ្ជាជីវៈ,ភ្នំពេញ,ចំនួន,14628
2014,១០.៤.១ និវត្តជននិងជនបាត់បង់សម្បទាវិជ្ជាជីវៈ,ព្រះសីហនុ,ចំនួន,606
2014,១០.៤.១ និវត្តជននិងជនបាត់បង់សម្បទាវិជ្ជាជីវៈ,ព្រះវិហារ,ចំនួន,385
2014,១០.៤.១ និវត្តជននិងជនបាត់បង់សម្បទាវិជ្ជាជីវៈ,ព្រៃវែង,ចំនួន,3232
2014,១០.៤.១ និវត្តជននិងជនបាត់បង់សម្បទាវិជ្ជាជីវៈ,ពោធិសាត់,ចំនួន,1228
2014,១០.៤.១ និវត្តជននិងជនបាត់បង់សម្បទាវិជ្ជាជីវៈ,រតនគិរី,ចំនួន,125
2014,១០.៤.១ និវត្តជននិងជនបាត់បង់សម្បទាវិជ្ជាជីវៈ,សៀមរាប,ចំនួន,1562
2014,១០.៤.១ និវត្តជននិងជនបាត់បង់សម្បទាវិជ្ជាជីវៈ,ស្ទឹងត្រែង,ចំនួន,372
2014,១០.៤.១ និវត្តជននិងជនបាត់បង់សម្បទាវិជ្ជាជីវៈ,ស្វាយរៀង,ចំនួន,1664
2014,១០.៤.១ និវត្តជននិងជនបាត់បង់សម្បទាវិជ្ជាជីវៈ,តាកែវ,ចំនួន,2457
