Year,SERIES,REF_AREA,UNIT_MEASURE,Value
2015,១១.៦.៣ ភាគរយនៃសំណល់រឹងត្រូវបានគ្រប់គ្រងតាមគោលការណ៍បច្ចេកទេស,,PT,50
2016,១១.៦.៣ ភាគរយនៃសំណល់រឹងត្រូវបានគ្រប់គ្រងតាមគោលការណ៍បច្ចេកទេស,,PT,50
2017,១១.៦.៣ ភាគរយនៃសំណល់រឹងត្រូវបានគ្រប់គ្រងតាមគោលការណ៍បច្ចេកទេស,,PT,50
2018,១១.៦.៣ ភាគរយនៃសំណល់រឹងត្រូវបានគ្រប់គ្រងតាមគោលការណ៍បច្ចេកទេស,,PT,50
2019,១១.៦.៣ ភាគរយនៃសំណល់រឹងត្រូវបានគ្រប់គ្រងតាមគោលការណ៍បច្ចេកទេស,,PT,55
2020,១១.៦.៣ ភាគរយនៃសំណល់រឹងត្រូវបានគ្រប់គ្រងតាមគោលការណ៍បច្ចេកទេស,,PT,55
