Year,SERIES,តំបន់យោង,UNIT_MEASURE,Value
2015,១១.៦.១ បរិមាណសម្រាមសំណល់រឹងដែលបានប្រមូលបានជាប្រចាំនៅតំបន់ទីប្រជុំជន ទីក្រុង និងត្រូវបានបញ្ចេញចោល ក្នុងតំបន់ទីប្រជុំជន និងនៅតាមទីក្រុង,,តោន,1.2
2016,១១.៦.១ បរិមាណសម្រាមសំណល់រឹងដែលបានប្រមូលបានជាប្រចាំនៅតំបន់ទីប្រជុំជន ទីក្រុង និងត្រូវបានបញ្ចេញចោល ក្នុងតំបន់ទីប្រជុំជន និងនៅតាមទីក្រុង,,តោន,1.25
2017,១១.៦.១ បរិមាណសម្រាមសំណល់រឹងដែលបានប្រមូលបានជាប្រចាំនៅតំបន់ទីប្រជុំជន ទីក្រុង និងត្រូវបានបញ្ចេញចោល ក្នុងតំបន់ទីប្រជុំជន និងនៅតាមទីក្រុង,,តោន,1.28
2018,១១.៦.១ បរិមាណសម្រាមសំណល់រឹងដែលបានប្រមូលបានជាប្រចាំនៅតំបន់ទីប្រជុំជន ទីក្រុង និងត្រូវបានបញ្ចេញចោល ក្នុងតំបន់ទីប្រជុំជន និងនៅតាមទីក្រុង,,តោន,1.3
2019,១១.៦.១ បរិមាណសម្រាមសំណល់រឹងដែលបានប្រមូលបានជាប្រចាំនៅតំបន់ទីប្រជុំជន ទីក្រុង និងត្រូវបានបញ្ចេញចោល ក្នុងតំបន់ទីប្រជុំជន និងនៅតាមទីក្រុង,,តោន,1.33
2020,១១.៦.១ បរិមាណសម្រាមសំណល់រឹងដែលបានប្រមូលបានជាប្រចាំនៅតំបន់ទីប្រជុំជន ទីក្រុង និងត្រូវបានបញ្ចេញចោល ក្នុងតំបន់ទីប្រជុំជន និងនៅតាមទីក្រុង,,តោន,1.35
