Year,SERIES,តំបន់យោង,UNIT_MEASURE,Value
2015,១២.៤.១ អត្រានៃការសាយភាយសារធាតុ បំពុលសរីរាង្គមិនងាយបំបែកធាតុសាយភាយ ចូលទៅក្នុងបរិស្ថាន,,ភាគរយ,0
2016,១២.៤.១ អត្រានៃការសាយភាយសារធាតុ បំពុលសរីរាង្គមិនងាយបំបែកធាតុសាយភាយ ចូលទៅក្នុងបរិស្ថាន,,ភាគរយ,0
2017,១២.៤.១ អត្រានៃការសាយភាយសារធាតុ បំពុលសរីរាង្គមិនងាយបំបែកធាតុសាយភាយ ចូលទៅក្នុងបរិស្ថាន,,ភាគរយ,0
2018,១២.៤.១ អត្រានៃការសាយភាយសារធាតុ បំពុលសរីរាង្គមិនងាយបំបែកធាតុសាយភាយ ចូលទៅក្នុងបរិស្ថាន,,ភាគរយ,2
2019,១២.៤.១ អត្រានៃការសាយភាយសារធាតុ បំពុលសរីរាង្គមិនងាយបំបែកធាតុសាយភាយ ចូលទៅក្នុងបរិស្ថាន,,ភាគរយ,2
2020,១២.៤.១ អត្រានៃការសាយភាយសារធាតុ បំពុលសរីរាង្គមិនងាយបំបែកធាតុសាយភាយ ចូលទៅក្នុងបរិស្ថាន,,ភាគរយ,5
