Year,SERIES,REF_AREA,UNIT_MEASURE,Value
2016,១៤.៥.១ ភាគរយនៃទំហំតំបន់អភិរក្សជលផលទាំងតំបន់ឆ្នេរ និងទឹកសាប ដែលបានការពារ,,PT,20
2017,១៤.៥.១ ភាគរយនៃទំហំតំបន់អភិរក្សជលផលទាំងតំបន់ឆ្នេរ និងទឹកសាប ដែលបានការពារ,,PT,25
2018,១៤.៥.១ ភាគរយនៃទំហំតំបន់អភិរក្សជលផលទាំងតំបន់ឆ្នេរ និងទឹកសាប ដែលបានការពារ,,PT,30
2019,១៤.៥.១ ភាគរយនៃទំហំតំបន់អភិរក្សជលផលទាំងតំបន់ឆ្នេរ និងទឹកសាប ដែលបានការពារ,,PT,35
2020,១៤.៥.១ ភាគរយនៃទំហំតំបន់អភិរក្សជលផលទាំងតំបន់ឆ្នេរ និងទឹកសាប ដែលបានការពារ,,PT,40
