Year,SERIES,REF_AREA,UNIT_MEASURE,Value
2015,១៥.៩.២ ចំនួនគោលនយោបាយយុទ្ធសាស្រ្ត និងលិខិតយុទ្ធោបករណ៍ស្តីពីសេវាកម្មប្រពន័្ធ អេកូឡូស៊ីត្រូវបានតាក់តែង និងអនុវត្ត,KH,NUMBER,6
2016,១៥.៩.២ ចំនួនគោលនយោបាយយុទ្ធសាស្រ្ត និងលិខិតយុទ្ធោបករណ៍ស្តីពីសេវាកម្មប្រពន័្ធ អេកូឡូស៊ីត្រូវបានតាក់តែង និងអនុវត្ត,KH,NUMBER,10
2017,១៥.៩.២ ចំនួនគោលនយោបាយយុទ្ធសាស្រ្ត និងលិខិតយុទ្ធោបករណ៍ស្តីពីសេវាកម្មប្រពន័្ធ អេកូឡូស៊ីត្រូវបានតាក់តែង និងអនុវត្ត,KH,NUMBER,29
2018,១៥.៩.២ ចំនួនគោលនយោបាយយុទ្ធសាស្រ្ត និងលិខិតយុទ្ធោបករណ៍ស្តីពីសេវាកម្មប្រពន័្ធ អេកូឡូស៊ីត្រូវបានតាក់តែង និងអនុវត្ត,KH,NUMBER,3
2020,១៥.៩.២ ចំនួនគោលនយោបាយយុទ្ធសាស្រ្ត និងលិខិតយុទ្ធោបករណ៍ស្តីពីសេវាកម្មប្រពន័្ធ អេកូឡូស៊ីត្រូវបានតាក់តែង និងអនុវត្ត,KH,NUMBER,2
