Year,SERIES,REF_AREA,UNIT_MEASURE,Value
2016,១៧.៩.១ ទំហំហិរញ្ញប្បទានកិច្ចសហប្រតិបត្តិការបច្ចេកទេស (រួមទាំងកិច្ចសហប្រតិបត្តិការជើង-ត្បូង ត្បូង-ត្បូង និងកិច្ចសហប្រតិបត្តិការត្រីកោណ) ដែលបានសន្យាផ្តល់ដល់កម្ពុជា,KH,PT,1.31
2017,១៧.៩.១ ទំហំហិរញ្ញប្បទានកិច្ចសហប្រតិបត្តិការបច្ចេកទេស (រួមទាំងកិច្ចសហប្រតិបត្តិការជើង-ត្បូង ត្បូង-ត្បូង និងកិច្ចសហប្រតិបត្តិការត្រីកោណ) ដែលបានសន្យាផ្តល់ដល់កម្ពុជា,KH,PT,1.23
2018,១៧.៩.១ ទំហំហិរញ្ញប្បទានកិច្ចសហប្រតិបត្តិការបច្ចេកទេស (រួមទាំងកិច្ចសហប្រតិបត្តិការជើង-ត្បូង ត្បូង-ត្បូង និងកិច្ចសហប្រតិបត្តិការត្រីកោណ) ដែលបានសន្យាផ្តល់ដល់កម្ពុជា,KH,PT,1.15
2019,១៧.៩.១ ទំហំហិរញ្ញប្បទានកិច្ចសហប្រតិបត្តិការបច្ចេកទេស (រួមទាំងកិច្ចសហប្រតិបត្តិការជើង-ត្បូង ត្បូង-ត្បូង និងកិច្ចសហប្រតិបត្តិការត្រីកោណ) ដែលបានសន្យាផ្តល់ដល់កម្ពុជា,KH,PT,1.07
2020,១៧.៩.១ ទំហំហិរញ្ញប្បទានកិច្ចសហប្រតិបត្តិការបច្ចេកទេស (រួមទាំងកិច្ចសហប្រតិបត្តិការជើង-ត្បូង ត្បូង-ត្បូង និងកិច្ចសហប្រតិបត្តិការត្រីកោណ) ដែលបានសន្យាផ្តល់ដល់កម្ពុជា,KH,PT,1.0
