Year,SERIES,តំបន់យោង,UNIT_MEASURE,Value
1992,១៨.១.១ ផ្ទៃដីសរុបនៃការបោសសម្អាតមីននិងសំណល់ជាតិផ្ទុះពីសង្គ្រាមប្រចាំឆ្នាំ,,ហិកតា,8488
1999,១៨.១.១ ផ្ទៃដីសរុបនៃការបោសសម្អាតមីននិងសំណល់ជាតិផ្ទុះពីសង្គ្រាមប្រចាំឆ្នាំ,,ហិកតា,10050
2000,១៨.១.១ ផ្ទៃដីសរុបនៃការបោសសម្អាតមីននិងសំណល់ជាតិផ្ទុះពីសង្គ្រាមប្រចាំឆ្នាំ,,ហិកតា,13258
2001,១៨.១.១ ផ្ទៃដីសរុបនៃការបោសសម្អាតមីននិងសំណល់ជាតិផ្ទុះពីសង្គ្រាមប្រចាំឆ្នាំ,,ហិកតា,16726
2002,១៨.១.១ ផ្ទៃដីសរុបនៃការបោសសម្អាតមីននិងសំណល់ជាតិផ្ទុះពីសង្គ្រាមប្រចាំឆ្នាំ,,ហិកតា,20935
2003,១៨.១.១ ផ្ទៃដីសរុបនៃការបោសសម្អាតមីននិងសំណល់ជាតិផ្ទុះពីសង្គ្រាមប្រចាំឆ្នាំ,,ហិកតា,24136
2004,១៨.១.១ ផ្ទៃដីសរុបនៃការបោសសម្អាតមីននិងសំណល់ជាតិផ្ទុះពីសង្គ្រាមប្រចាំឆ្នាំ,,ហិកតា,28201
2005,១៨.១.១ ផ្ទៃដីសរុបនៃការបោសសម្អាតមីននិងសំណល់ជាតិផ្ទុះពីសង្គ្រាមប្រចាំឆ្នាំ,,ហិកតា,33390
2006,១៨.១.១ ផ្ទៃដីសរុបនៃការបោសសម្អាតមីននិងសំណល់ជាតិផ្ទុះពីសង្គ្រាមប្រចាំឆ្នាំ,,ហិកតា,38926
2007,១៨.១.១ ផ្ទៃដីសរុបនៃការបោសសម្អាតមីននិងសំណល់ជាតិផ្ទុះពីសង្គ្រាមប្រចាំឆ្នាំ,,ហិកតា,45463
2008,១៨.១.១ ផ្ទៃដីសរុបនៃការបោសសម្អាតមីននិងសំណល់ជាតិផ្ទុះពីសង្គ្រាមប្រចាំឆ្នាំ,,ហិកតា,51600
2009,១៨.១.១ ផ្ទៃដីសរុបនៃការបោសសម្អាតមីននិងសំណល់ជាតិផ្ទុះពីសង្គ្រាមប្រចាំឆ្នាំ,,ហិកតា,6136
2010,១៨.១.១ ផ្ទៃដីសរុបនៃការបោសសម្អាតមីននិងសំណល់ជាតិផ្ទុះពីសង្គ្រាមប្រចាំឆ្នាំ,,ហិកតា,11950
2011,១៨.១.១ ផ្ទៃដីសរុបនៃការបោសសម្អាតមីននិងសំណល់ជាតិផ្ទុះពីសង្គ្រាមប្រចាំឆ្នាំ,,ហិកតា,14150
2012,១៨.១.១ ផ្ទៃដីសរុបនៃការបោសសម្អាតមីននិងសំណល់ជាតិផ្ទុះពីសង្គ្រាមប្រចាំឆ្នាំ,,ហិកតា,8293
2013,១៨.១.១ ផ្ទៃដីសរុបនៃការបោសសម្អាតមីននិងសំណល់ជាតិផ្ទុះពីសង្គ្រាមប្រចាំឆ្នាំ,,ហិកតា,8920
2014,១៨.១.១ ផ្ទៃដីសរុបនៃការបោសសម្អាតមីននិងសំណល់ជាតិផ្ទុះពីសង្គ្រាមប្រចាំឆ្នាំ,,ហិកតា,18213
2015,១៨.១.១ ផ្ទៃដីសរុបនៃការបោសសម្អាតមីននិងសំណល់ជាតិផ្ទុះពីសង្គ្រាមប្រចាំឆ្នាំ,,ហិកតា,18531
2016,១៨.១.១ ផ្ទៃដីសរុបនៃការបោសសម្អាតមីននិងសំណល់ជាតិផ្ទុះពីសង្គ្រាមប្រចាំឆ្នាំ,,ហិកតា,19087
2017,១៨.១.១ ផ្ទៃដីសរុបនៃការបោសសម្អាតមីននិងសំណល់ជាតិផ្ទុះពីសង្គ្រាមប្រចាំឆ្នាំ,,ហិកតា,19659
2018,១៨.១.១ ផ្ទៃដីសរុបនៃការបោសសម្អាតមីននិងសំណល់ជាតិផ្ទុះពីសង្គ្រាមប្រចាំឆ្នាំ,,ហិកតា,20049
2019,១៨.១.១ ផ្ទៃដីសរុបនៃការបោសសម្អាតមីននិងសំណល់ជាតិផ្ទុះពីសង្គ្រាមប្រចាំឆ្នាំ,,ហិកតា,20857
2020,១៨.១.១ ផ្ទៃដីសរុបនៃការបោសសម្អាតមីននិងសំណល់ជាតិផ្ទុះពីសង្គ្រាមប្រចាំឆ្នាំ,,ហិកតា,21482
