Year,SERIES,REF_AREA,UNIT_MEASURE,Value
2015,១៨.២.២ ចំនួនភូមិដែលរងការគំរាមកំហែង ដោយសារមីននិងសំណល់ជាតិផ្ទុះពីសង្គ្រាមទទួលបានសារអប់រំគ្រោះថ្នាក់ដោយសារមីននិងសំណល់ជាតិផ្ទុះពីសង្គ្រាម,KH,NUMBER,300
2016,១៨.២.២ ចំនួនភូមិដែលរងការគំរាមកំហែង ដោយសារមីននិងសំណល់ជាតិផ្ទុះពីសង្គ្រាមទទួលបានសារអប់រំគ្រោះថ្នាក់ដោយសារមីននិងសំណល់ជាតិផ្ទុះពីសង្គ្រាម,KH,NUMBER,315
2017,១៨.២.២ ចំនួនភូមិដែលរងការគំរាមកំហែង ដោយសារមីននិងសំណល់ជាតិផ្ទុះពីសង្គ្រាមទទួលបានសារអប់រំគ្រោះថ្នាក់ដោយសារមីននិងសំណល់ជាតិផ្ទុះពីសង្គ្រាម,KH,NUMBER,330
2018,១៨.២.២ ចំនួនភូមិដែលរងការគំរាមកំហែង ដោយសារមីននិងសំណល់ជាតិផ្ទុះពីសង្គ្រាមទទួលបានសារអប់រំគ្រោះថ្នាក់ដោយសារមីននិងសំណល់ជាតិផ្ទុះពីសង្គ្រាម,KH,NUMBER,347
2019,១៨.២.២ ចំនួនភូមិដែលរងការគំរាមកំហែង ដោយសារមីននិងសំណល់ជាតិផ្ទុះពីសង្គ្រាមទទួលបានសារអប់រំគ្រោះថ្នាក់ដោយសារមីននិងសំណល់ជាតិផ្ទុះពីសង្គ្រាម,KH,NUMBER,364
2020,១៨.២.២ ចំនួនភូមិដែលរងការគំរាមកំហែង ដោយសារមីននិងសំណល់ជាតិផ្ទុះពីសង្គ្រាមទទួលបានសារអប់រំគ្រោះថ្នាក់ដោយសារមីននិងសំណល់ជាតិផ្ទុះពីសង្គ្រាម,KH,NUMBER,382
