Year,SERIES,REF_AREA,UNIT_MEASURE,Value
1979,១៨.២.១ ចំនួននៃជនរងគ្រោះថ្នាក់ (ស្លាប់និងរបួស) ដោយគ្រាប់មីន និងសំណល់ជាតិផ្ទុះពីសង្គ្រាម,,NUMBER,4674
1980,១៨.២.១ ចំនួននៃជនរងគ្រោះថ្នាក់ (ស្លាប់និងរបួស) ដោយគ្រាប់មីន និងសំណល់ជាតិផ្ទុះពីសង្គ្រាម,,NUMBER,1343
1981,១៨.២.១ ចំនួននៃជនរងគ្រោះថ្នាក់ (ស្លាប់និងរបួស) ដោយគ្រាប់មីន និងសំណល់ជាតិផ្ទុះពីសង្គ្រាម,,NUMBER,1021
1982,១៨.២.១ ចំនួននៃជនរងគ្រោះថ្នាក់ (ស្លាប់និងរបួស) ដោយគ្រាប់មីន និងសំណល់ជាតិផ្ទុះពីសង្គ្រាម,,NUMBER,1893
1983,១៨.២.១ ចំនួននៃជនរងគ្រោះថ្នាក់ (ស្លាប់និងរបួស) ដោយគ្រាប់មីន និងសំណល់ជាតិផ្ទុះពីសង្គ្រាម,,NUMBER,2761
1984,១៨.២.១ ចំនួននៃជនរងគ្រោះថ្នាក់ (ស្លាប់និងរបួស) ដោយគ្រាប់មីន និងសំណល់ជាតិផ្ទុះពីសង្គ្រាម,,NUMBER,2966
1985,១៨.២.១ ចំនួននៃជនរងគ្រោះថ្នាក់ (ស្លាប់និងរបួស) ដោយគ្រាប់មីន និងសំណល់ជាតិផ្ទុះពីសង្គ្រាម,,NUMBER,3520
1986,១៨.២.១ ចំនួននៃជនរងគ្រោះថ្នាក់ (ស្លាប់និងរបួស) ដោយគ្រាប់មីន និងសំណល់ជាតិផ្ទុះពីសង្គ្រាម,,NUMBER,2902
1987,១៨.២.១ ចំនួននៃជនរងគ្រោះថ្នាក់ (ស្លាប់និងរបួស) ដោយគ្រាប់មីន និងសំណល់ជាតិផ្ទុះពីសង្គ្រាម,,NUMBER,3533
1988,១៨.២.១ ចំនួននៃជនរងគ្រោះថ្នាក់ (ស្លាប់និងរបួស) ដោយគ្រាប់មីន និងសំណល់ជាតិផ្ទុះពីសង្គ្រាម,,NUMBER,2967
1989,១៨.២.១ ចំនួននៃជនរងគ្រោះថ្នាក់ (ស្លាប់និងរបួស) ដោយគ្រាប់មីន និងសំណល់ជាតិផ្ទុះពីសង្គ្រាម,,NUMBER,3333
1990,១៨.២.១ ចំនួននៃជនរងគ្រោះថ្នាក់ (ស្លាប់និងរបួស) ដោយគ្រាប់មីន និងសំណល់ជាតិផ្ទុះពីសង្គ្រាម,,NUMBER,3000
1991,១៨.២.១ ចំនួននៃជនរងគ្រោះថ្នាក់ (ស្លាប់និងរបួស) ដោយគ្រាប់មីន និងសំណល់ជាតិផ្ទុះពីសង្គ្រាម,,NUMBER,2427
1992,១៨.២.១ ចំនួននៃជនរងគ្រោះថ្នាក់ (ស្លាប់និងរបួស) ដោយគ្រាប់មីន និងសំណល់ជាតិផ្ទុះពីសង្គ្រាម,,NUMBER,2189
1993,១៨.២.១ ចំនួននៃជនរងគ្រោះថ្នាក់ (ស្លាប់និងរបួស) ដោយគ្រាប់មីន និងសំណល់ជាតិផ្ទុះពីសង្គ្រាម,,NUMBER,2535
1994,១៨.២.១ ចំនួននៃជនរងគ្រោះថ្នាក់ (ស្លាប់និងរបួស) ដោយគ្រាប់មីន និងសំណល់ជាតិផ្ទុះពីសង្គ្រាម,,NUMBER,2809
1995,១៨.២.១ ចំនួននៃជនរងគ្រោះថ្នាក់ (ស្លាប់និងរបួស) ដោយគ្រាប់មីន និងសំណល់ជាតិផ្ទុះពីសង្គ្រាម,,NUMBER,3333
1996,១៨.២.១ ចំនួននៃជនរងគ្រោះថ្នាក់ (ស្លាប់និងរបួស) ដោយគ្រាប់មីន និងសំណល់ជាតិផ្ទុះពីសង្គ្រាម,,NUMBER,4320
1997,១៨.២.១ ចំនួននៃជនរងគ្រោះថ្នាក់ (ស្លាប់និងរបួស) ដោយគ្រាប់មីន និងសំណល់ជាតិផ្ទុះពីសង្គ្រាម,,NUMBER,2298
1998,១៨.២.១ ចំនួននៃជនរងគ្រោះថ្នាក់ (ស្លាប់និងរបួស) ដោយគ្រាប់មីន និងសំណល់ជាតិផ្ទុះពីសង្គ្រាម,,NUMBER,2150
1999,១៨.២.១ ចំនួននៃជនរងគ្រោះថ្នាក់ (ស្លាប់និងរបួស) ដោយគ្រាប់មីន និងសំណល់ជាតិផ្ទុះពីសង្គ្រាម,,NUMBER,1153
2000,១៨.២.១ ចំនួននៃជនរងគ្រោះថ្នាក់ (ស្លាប់និងរបួស) ដោយគ្រាប់មីន និងសំណល់ជាតិផ្ទុះពីសង្គ្រាម,,NUMBER,858
2001,១៨.២.១ ចំនួននៃជនរងគ្រោះថ្នាក់ (ស្លាប់និងរបួស) ដោយគ្រាប់មីន និងសំណល់ជាតិផ្ទុះពីសង្គ្រាម,,NUMBER,826
2002,១៨.២.១ ចំនួននៃជនរងគ្រោះថ្នាក់ (ស្លាប់និងរបួស) ដោយគ្រាប់មីន និងសំណល់ជាតិផ្ទុះពីសង្គ្រាម,,NUMBER,847
2003,១៨.២.១ ចំនួននៃជនរងគ្រោះថ្នាក់ (ស្លាប់និងរបួស) ដោយគ្រាប់មីន និងសំណល់ជាតិផ្ទុះពីសង្គ្រាម,,NUMBER,772
2004,១៨.២.១ ចំនួននៃជនរងគ្រោះថ្នាក់ (ស្លាប់និងរបួស) ដោយគ្រាប់មីន និងសំណល់ជាតិផ្ទុះពីសង្គ្រាម,,NUMBER,898
2005,១៨.២.១ ចំនួននៃជនរងគ្រោះថ្នាក់ (ស្លាប់និងរបួស) ដោយគ្រាប់មីន និងសំណល់ជាតិផ្ទុះពីសង្គ្រាម,,NUMBER,875
2006,១៨.២.១ ចំនួននៃជនរងគ្រោះថ្នាក់ (ស្លាប់និងរបួស) ដោយគ្រាប់មីន និងសំណល់ជាតិផ្ទុះពីសង្គ្រាម,,NUMBER,450
2007,១៨.២.១ ចំនួននៃជនរងគ្រោះថ្នាក់ (ស្លាប់និងរបួស) ដោយគ្រាប់មីន និងសំណល់ជាតិផ្ទុះពីសង្គ្រាម,,NUMBER,352
2008,១៨.២.១ ចំនួននៃជនរងគ្រោះថ្នាក់ (ស្លាប់និងរបួស) ដោយគ្រាប់មីន និងសំណល់ជាតិផ្ទុះពីសង្គ្រាម,,NUMBER,271
2009,១៨.២.១ ចំនួននៃជនរងគ្រោះថ្នាក់ (ស្លាប់និងរបួស) ដោយគ្រាប់មីន និងសំណល់ជាតិផ្ទុះពីសង្គ្រាម,,NUMBER,244
2010,១៨.២.១ ចំនួននៃជនរងគ្រោះថ្នាក់ (ស្លាប់និងរបួស) ដោយគ្រាប់មីន និងសំណល់ជាតិផ្ទុះពីសង្គ្រាម,,NUMBER,286
2011,១៨.២.១ ចំនួននៃជនរងគ្រោះថ្នាក់ (ស្លាប់និងរបួស) ដោយគ្រាប់មីន និងសំណល់ជាតិផ្ទុះពីសង្គ្រាម,,NUMBER,211
2012,១៨.២.១ ចំនួននៃជនរងគ្រោះថ្នាក់ (ស្លាប់និងរបួស) ដោយគ្រាប់មីន និងសំណល់ជាតិផ្ទុះពីសង្គ្រាម,,NUMBER,186
2013,១៨.២.១ ចំនួននៃជនរងគ្រោះថ្នាក់ (ស្លាប់និងរបួស) ដោយគ្រាប់មីន និងសំណល់ជាតិផ្ទុះពីសង្គ្រាម,,NUMBER,111
2014,១៨.២.១ ចំនួននៃជនរងគ្រោះថ្នាក់ (ស្លាប់និងរបួស) ដោយគ្រាប់មីន និងសំណល់ជាតិផ្ទុះពីសង្គ្រាម,,NUMBER,154
2015,១៨.២.១ ចំនួននៃជនរងគ្រោះថ្នាក់ (ស្លាប់និងរបួស) ដោយគ្រាប់មីន និងសំណល់ជាតិផ្ទុះពីសង្គ្រាម,,NUMBER,111
2016,១៨.២.១ ចំនួននៃជនរងគ្រោះថ្នាក់ (ស្លាប់និងរបួស) ដោយគ្រាប់មីន និងសំណល់ជាតិផ្ទុះពីសង្គ្រាម,,NUMBER,100
2017,១៨.២.១ ចំនួននៃជនរងគ្រោះថ្នាក់ (ស្លាប់និងរបួស) ដោយគ្រាប់មីន និងសំណល់ជាតិផ្ទុះពីសង្គ្រាម,,NUMBER,90
2018,១៨.២.១ ចំនួននៃជនរងគ្រោះថ្នាក់ (ស្លាប់និងរបួស) ដោយគ្រាប់មីន និងសំណល់ជាតិផ្ទុះពីសង្គ្រាម,,NUMBER,81
2019,១៨.២.១ ចំនួននៃជនរងគ្រោះថ្នាក់ (ស្លាប់និងរបួស) ដោយគ្រាប់មីន និងសំណល់ជាតិផ្ទុះពីសង្គ្រាម,,NUMBER,73
2020,១៨.២.១ ចំនួននៃជនរងគ្រោះថ្នាក់ (ស្លាប់និងរបួស) ដោយគ្រាប់មីន និងសំណល់ជាតិផ្ទុះពីសង្គ្រាម,,NUMBER,66
