Year,SERIES,REF_AREA,UNIT_MEASURE,Value
2015,១៨.៣.២ ចំនួនជនរងគ្រោះដោយសារមីន/សំណល់ជាតិផ្ទុះពីសង្រ្គាមទទួលបានសេវាស្តារលទ្ធភាពពលកម្ម,KH,NUMBER,1500
2016,១៨.៣.២ ចំនួនជនរងគ្រោះដោយសារមីន/សំណល់ជាតិផ្ទុះពីសង្រ្គាមទទួលបានសេវាស្តារលទ្ធភាពពលកម្ម,KH,NUMBER,2300
2017,១៨.៣.២ ចំនួនជនរងគ្រោះដោយសារមីន/សំណល់ជាតិផ្ទុះពីសង្រ្គាមទទួលបានសេវាស្តារលទ្ធភាពពលកម្ម,KH,NUMBER,3577
2018,១៨.៣.២ ចំនួនជនរងគ្រោះដោយសារមីន/សំណល់ជាតិផ្ទុះពីសង្រ្គាមទទួលបានសេវាស្តារលទ្ធភាពពលកម្ម,KH,NUMBER,3648
2019,១៨.៣.២ ចំនួនជនរងគ្រោះដោយសារមីន/សំណល់ជាតិផ្ទុះពីសង្រ្គាមទទួលបានសេវាស្តារលទ្ធភាពពលកម្ម,KH,NUMBER,3731
2020,១៨.៣.២ ចំនួនជនរងគ្រោះដោយសារមីន/សំណល់ជាតិផ្ទុះពីសង្រ្គាមទទួលបានសេវាស្តារលទ្ធភាពពលកម្ម,KH,NUMBER,3785
