Year,SERIES,តំបន់យោង,UNIT_MEASURE,Value
2015,១៨.៣.១ ចំនួនជនពិការដោយសារមីន/សំណល់ជាតិផ្ទុះពីសង្រ្គាមទទួលបានការលើកកម្ពស់សិទ្ធិនិងគុណភាពជីវិត,,ចំនួន,280
2016,១៨.៣.១ ចំនួនជនពិការដោយសារមីន/សំណល់ជាតិផ្ទុះពីសង្រ្គាមទទួលបានការលើកកម្ពស់សិទ្ធិនិងគុណភាពជីវិត,,ចំនួន,296
2017,១៨.៣.១ ចំនួនជនពិការដោយសារមីន/សំណល់ជាតិផ្ទុះពីសង្រ្គាមទទួលបានការលើកកម្ពស់សិទ្ធិនិងគុណភាពជីវិត,,ចំនួន,309
2018,១៨.៣.១ ចំនួនជនពិការដោយសារមីន/សំណល់ជាតិផ្ទុះពីសង្រ្គាមទទួលបានការលើកកម្ពស់សិទ្ធិនិងគុណភាពជីវិត,,ចំនួន,324
2019,១៨.៣.១ ចំនួនជនពិការដោយសារមីន/សំណល់ជាតិផ្ទុះពីសង្រ្គាមទទួលបានការលើកកម្ពស់សិទ្ធិនិងគុណភាពជីវិត,,ចំនួន,340
2020,១៨.៣.១ ចំនួនជនពិការដោយសារមីន/សំណល់ជាតិផ្ទុះពីសង្រ្គាមទទួលបានការលើកកម្ពស់សិទ្ធិនិងគុណភាពជីវិត,,ចំនួន,357
