Year,SERIES,REF_AREA,UNIT_MEASURE,Value
2015,១៨.៣.១ ចំនួនជនពិការដោយសារមីន/សំណល់ជាតិផ្ទុះពីសង្រ្គាមទទួលបានការលើកកម្ពស់សិទ្ធិនិងគុណភាពជីវិត,KH,NUMBER,280
2016,១៨.៣.១ ចំនួនជនពិការដោយសារមីន/សំណល់ជាតិផ្ទុះពីសង្រ្គាមទទួលបានការលើកកម្ពស់សិទ្ធិនិងគុណភាពជីវិត,KH,NUMBER,296
2017,១៨.៣.១ ចំនួនជនពិការដោយសារមីន/សំណល់ជាតិផ្ទុះពីសង្រ្គាមទទួលបានការលើកកម្ពស់សិទ្ធិនិងគុណភាពជីវិត,KH,NUMBER,309
2018,១៨.៣.១ ចំនួនជនពិការដោយសារមីន/សំណល់ជាតិផ្ទុះពីសង្រ្គាមទទួលបានការលើកកម្ពស់សិទ្ធិនិងគុណភាពជីវិត,KH,NUMBER,324
2019,១៨.៣.១ ចំនួនជនពិការដោយសារមីន/សំណល់ជាតិផ្ទុះពីសង្រ្គាមទទួលបានការលើកកម្ពស់សិទ្ធិនិងគុណភាពជីវិត,KH,NUMBER,340
2020,១៨.៣.១ ចំនួនជនពិការដោយសារមីន/សំណល់ជាតិផ្ទុះពីសង្រ្គាមទទួលបានការលើកកម្ពស់សិទ្ធិនិងគុណភាពជីវិត,KH,NUMBER,357
