Year,SERIES,REF_AREA,SEX,AGE,URBANISATION,INCOME_WEALTH_QUANTILE,UNIT_MEASURE,Value
2000,២.២.២ ភាគរយកុមារអាយុក្រោម៥ឆ្នាំដែលមានភាពស្លេកស្លាំងមធ្យមឬធ្ងន់ធ្ងរ,KH,F,Y0T4,,,PT,14.6
2005,២.២.២ ភាគរយកុមារអាយុក្រោម៥ឆ្នាំដែលមានភាពស្លេកស្លាំងមធ្យមឬធ្ងន់ធ្ងរ,KH,F,Y0T4,,,PT,7.4
2010,២.២.២ ភាគរយកុមារអាយុក្រោម៥ឆ្នាំដែលមានភាពស្លេកស្លាំងមធ្យមឬធ្ងន់ធ្ងរ,KH,F,Y0T4,,,PT,10.4
2014,២.២.២ ភាគរយកុមារអាយុក្រោម៥ឆ្នាំដែលមានភាពស្លេកស្លាំងមធ្យមឬធ្ងន់ធ្ងរ,KH,F,Y0T4,,,PT,9.3
2000,២.២.២ ភាគរយកុមារអាយុក្រោម៥ឆ្នាំដែលមានភាពស្លេកស្លាំងមធ្យមឬធ្ងន់ធ្ងរ,KH,M,Y0T4,,,PT,15.4
2005,២.២.២ ភាគរយកុមារអាយុក្រោម៥ឆ្នាំដែលមានភាពស្លេកស្លាំងមធ្យមឬធ្ងន់ធ្ងរ,KH,M,Y0T4,,,PT,7.1
2010,២.២.២ ភាគរយកុមារអាយុក្រោម៥ឆ្នាំដែលមានភាពស្លេកស្លាំងមធ្យមឬធ្ងន់ធ្ងរ,KH,M,Y0T4,,,PT,11.4
2014,២.២.២ ភាគរយកុមារអាយុក្រោម៥ឆ្នាំដែលមានភាពស្លេកស្លាំងមធ្យមឬធ្ងន់ធ្ងរ,KH,M,Y0T4,,,PT,9.9
2000,២.២.២ ភាគរយកុមារអាយុក្រោម៥ឆ្នាំដែលមានភាពស្លេកស្លាំងមធ្យមឬធ្ងន់ធ្ងរ,KH,,Y0T4,,,PT,15.0
2005,២.២.២ ភាគរយកុមារអាយុក្រោម៥ឆ្នាំដែលមានភាពស្លេកស្លាំងមធ្យមឬធ្ងន់ធ្ងរ,KH,,Y0T4,,,PT,7.3
2010,២.២.២ ភាគរយកុមារអាយុក្រោម៥ឆ្នាំដែលមានភាពស្លេកស្លាំងមធ្យមឬធ្ងន់ធ្ងរ,KH,,Y0T4,,,PT,10.9
2014,២.២.២ ភាគរយកុមារអាយុក្រោម៥ឆ្នាំដែលមានភាពស្លេកស្លាំងមធ្យមឬធ្ងន់ធ្ងរ,KH,,Y0T4,,,PT,9.6
2005,២.២.២ ភាគរយកុមារអាយុក្រោម៥ឆ្នាំដែលមានភាពស្លេកស្លាំងមធ្យមឬធ្ងន់ធ្ងរ,KH,,Y0T4,,Q1,PT,8.3
2010,២.២.២ ភាគរយកុមារអាយុក្រោម៥ឆ្នាំដែលមានភាពស្លេកស្លាំងមធ្យមឬធ្ងន់ធ្ងរ,KH,,Y0T4,,Q1,PT,11.9
2014,២.២.២ ភាគរយកុមារអាយុក្រោម៥ឆ្នាំដែលមានភាពស្លេកស្លាំងមធ្យមឬធ្ងន់ធ្ងរ,KH,,Y0T4,,Q1,PT,11.0
2005,២.២.២ ភាគរយកុមារអាយុក្រោម៥ឆ្នាំដែលមានភាពស្លេកស្លាំងមធ្យមឬធ្ងន់ធ្ងរ,KH,,Y0T4,,Q2,PT,9.2
2010,២.២.២ ភាគរយកុមារអាយុក្រោម៥ឆ្នាំដែលមានភាពស្លេកស្លាំងមធ្យមឬធ្ងន់ធ្ងរ,KH,,Y0T4,,Q2,PT,9.6
2014,២.២.២ ភាគរយកុមារអាយុក្រោម៥ឆ្នាំដែលមានភាពស្លេកស្លាំងមធ្យមឬធ្ងន់ធ្ងរ,KH,,Y0T4,,Q2,PT,11.4
2005,២.២.២ ភាគរយកុមារអាយុក្រោម៥ឆ្នាំដែលមានភាពស្លេកស្លាំងមធ្យមឬធ្ងន់ធ្ងរ,KH,,Y0T4,,Q3,PT,5.5
2010,២.២.២ ភាគរយកុមារអាយុក្រោម៥ឆ្នាំដែលមានភាពស្លេកស្លាំងមធ្យមឬធ្ងន់ធ្ងរ,KH,,Y0T4,,Q3,PT,11.5
2014,២.២.២ ភាគរយកុមារអាយុក្រោម៥ឆ្នាំដែលមានភាពស្លេកស្លាំងមធ្យមឬធ្ងន់ធ្ងរ,KH,,Y0T4,,Q3,PT,8.4
2005,២.២.២ ភាគរយកុមារអាយុក្រោម៥ឆ្នាំដែលមានភាពស្លេកស្លាំងមធ្យមឬធ្ងន់ធ្ងរ,KH,,Y0T4,,Q4,PT,6.0
2010,២.២.២ ភាគរយកុមារអាយុក្រោម៥ឆ្នាំដែលមានភាពស្លេកស្លាំងមធ្យមឬធ្ងន់ធ្ងរ,KH,,Y0T4,,Q4,PT,11.1
2014,២.២.២ ភាគរយកុមារអាយុក្រោម៥ឆ្នាំដែលមានភាពស្លេកស្លាំងមធ្យមឬធ្ងន់ធ្ងរ,KH,,Y0T4,,Q4,PT,9.3
2005,២.២.២ ភាគរយកុមារអាយុក្រោម៥ឆ្នាំដែលមានភាពស្លេកស្លាំងមធ្យមឬធ្ងន់ធ្ងរ,KH,,Y0T4,,Q5,PT,6.7
2010,២.២.២ ភាគរយកុមារអាយុក្រោម៥ឆ្នាំដែលមានភាពស្លេកស្លាំងមធ្យមឬធ្ងន់ធ្ងរ,KH,,Y0T4,,Q5,PT,10.1
2014,២.២.២ ភាគរយកុមារអាយុក្រោម៥ឆ្នាំដែលមានភាពស្លេកស្លាំងមធ្យមឬធ្ងន់ធ្ងរ,KH,,Y0T4,,Q5,PT,7.4
2000,២.២.២ ភាគរយកុមារអាយុក្រោម៥ឆ្នាំដែលមានភាពស្លេកស្លាំងមធ្យមឬធ្ងន់ធ្ងរ,KH,,Y0T4,U,,PT,12.6
2005,២.២.២ ភាគរយកុមារអាយុក្រោម៥ឆ្នាំដែលមានភាពស្លេកស្លាំងមធ្យមឬធ្ងន់ធ្ងរ,KH,,Y0T4,U,,PT,8.3
2010,២.២.២ ភាគរយកុមារអាយុក្រោម៥ឆ្នាំដែលមានភាពស្លេកស្លាំងមធ្យមឬធ្ងន់ធ្ងរ,KH,,Y0T4,U,,PT,11.6
2014,២.២.២ ភាគរយកុមារអាយុក្រោម៥ឆ្នាំដែលមានភាពស្លេកស្លាំងមធ្យមឬធ្ងន់ធ្ងរ,KH,,Y0T4,U,,PT,7.5
2000,២.២.២ ភាគរយកុមារអាយុក្រោម៥ឆ្នាំដែលមានភាពស្លេកស្លាំងមធ្យមឬធ្ងន់ធ្ងរ,KH,,Y0T4,R,,PT,15.4
2005,២.២.២ ភាគរយកុមារអាយុក្រោម៥ឆ្នាំដែលមានភាពស្លេកស្លាំងមធ្យមឬធ្ងន់ធ្ងរ,KH,,Y0T4,R,,PT,7.1
2010,២.២.២ ភាគរយកុមារអាយុក្រោម៥ឆ្នាំដែលមានភាពស្លេកស្លាំងមធ្យមឬធ្ងន់ធ្ងរ,KH,,Y0T4,R,,PT,10.8
2014,២.២.២ ភាគរយកុមារអាយុក្រោម៥ឆ្នាំដែលមានភាពស្លេកស្លាំងមធ្យមឬធ្ងន់ធ្ងរ,KH,,Y0T4,R,,PT,9.9
2000,២.២.២ ភាគរយកុមារអាយុក្រោម៥ឆ្នាំដែលមានភាពស្លេកស្លាំងមធ្យមឬធ្ងន់ធ្ងរ,KH01,,Y0T4,,,PT,19.5
2005,២.២.២ ភាគរយកុមារអាយុក្រោម៥ឆ្នាំដែលមានភាពស្លេកស្លាំងមធ្យមឬធ្ងន់ធ្ងរ,KH01,,Y0T4,,,PT,5.5
2010,២.២.២ ភាគរយកុមារអាយុក្រោម៥ឆ្នាំដែលមានភាពស្លេកស្លាំងមធ្យមឬធ្ងន់ធ្ងរ,KH01,,Y0T4,,,PT,7.3
2014,២.២.២ ភាគរយកុមារអាយុក្រោម៥ឆ្នាំដែលមានភាពស្លេកស្លាំងមធ្យមឬធ្ងន់ធ្ងរ,KH01,,Y0T4,,,PT,7.8
2000,២.២.២ ភាគរយកុមារអាយុក្រោម៥ឆ្នាំដែលមានភាពស្លេកស្លាំងមធ្យមឬធ្ងន់ធ្ងរ,KH03,,Y0T4,,,PT,15.6
2005,២.២.២ ភាគរយកុមារអាយុក្រោម៥ឆ្នាំដែលមានភាពស្លេកស្លាំងមធ្យមឬធ្ងន់ធ្ងរ,KH03,,Y0T4,,,PT,6.0
2010,២.២.២ ភាគរយកុមារអាយុក្រោម៥ឆ្នាំដែលមានភាពស្លេកស្លាំងមធ្យមឬធ្ងន់ធ្ងរ,KH03,,Y0T4,,,PT,11.8
2014,២.២.២ ភាគរយកុមារអាយុក្រោម៥ឆ្នាំដែលមានភាពស្លេកស្លាំងមធ្យមឬធ្ងន់ធ្ងរ,KH03,,Y0T4,,,PT,8.1
2000,២.២.២ ភាគរយកុមារអាយុក្រោម៥ឆ្នាំដែលមានភាពស្លេកស្លាំងមធ្យមឬធ្ងន់ធ្ងរ,KH04,,Y0T4,,,PT,9.5
2005,២.២.២ ភាគរយកុមារអាយុក្រោម៥ឆ្នាំដែលមានភាពស្លេកស្លាំងមធ្យមឬធ្ងន់ធ្ងរ,KH04,,Y0T4,,,PT,4.6
2010,២.២.២ ភាគរយកុមារអាយុក្រោម៥ឆ្នាំដែលមានភាពស្លេកស្លាំងមធ្យមឬធ្ងន់ធ្ងរ,KH04,,Y0T4,,,PT,11.4
2014,២.២.២ ភាគរយកុមារអាយុក្រោម៥ឆ្នាំដែលមានភាពស្លេកស្លាំងមធ្យមឬធ្ងន់ធ្ងរ,KH04,,Y0T4,,,PT,11.2
2000,២.២.២ ភាគរយកុមារអាយុក្រោម៥ឆ្នាំដែលមានភាពស្លេកស្លាំងមធ្យមឬធ្ងន់ធ្ងរ,KH05,,Y0T4,,,PT,16.9
2005,២.២.២ ភាគរយកុមារអាយុក្រោម៥ឆ្នាំដែលមានភាពស្លេកស្លាំងមធ្យមឬធ្ងន់ធ្ងរ,KH05,,Y0T4,,,PT,7.6
2010,២.២.២ ភាគរយកុមារអាយុក្រោម៥ឆ្នាំដែលមានភាពស្លេកស្លាំងមធ្យមឬធ្ងន់ធ្ងរ,KH05,,Y0T4,,,PT,10.2
2014,២.២.២ ភាគរយកុមារអាយុក្រោម៥ឆ្នាំដែលមានភាពស្លេកស្លាំងមធ្យមឬធ្ងន់ធ្ងរ,KH05,,Y0T4,,,PT,11.5
2000,២.២.២ ភាគរយកុមារអាយុក្រោម៥ឆ្នាំដែលមានភាពស្លេកស្លាំងមធ្យមឬធ្ងន់ធ្ងរ,KH06,,Y0T4,,,PT,24.5
2005,២.២.២ ភាគរយកុមារអាយុក្រោម៥ឆ្នាំដែលមានភាពស្លេកស្លាំងមធ្យមឬធ្ងន់ធ្ងរ,KH06,,Y0T4,,,PT,3.4
2010,២.២.២ ភាគរយកុមារអាយុក្រោម៥ឆ្នាំដែលមានភាពស្លេកស្លាំងមធ្យមឬធ្ងន់ធ្ងរ,KH06,,Y0T4,,,PT,11.5
2014,២.២.២ ភាគរយកុមារអាយុក្រោម៥ឆ្នាំដែលមានភាពស្លេកស្លាំងមធ្យមឬធ្ងន់ធ្ងរ,KH06,,Y0T4,,,PT,13.0
2000,២.២.២ ភាគរយកុមារអាយុក្រោម៥ឆ្នាំដែលមានភាពស្លេកស្លាំងមធ្យមឬធ្ងន់ធ្ងរ,KH08,,Y0T4,,,PT,11.8
2005,២.២.២ ភាគរយកុមារអាយុក្រោម៥ឆ្នាំដែលមានភាពស្លេកស្លាំងមធ្យមឬធ្ងន់ធ្ងរ,KH08,,Y0T4,,,PT,11.5
2010,២.២.២ ភាគរយកុមារអាយុក្រោម៥ឆ្នាំដែលមានភាពស្លេកស្លាំងមធ្យមឬធ្ងន់ធ្ងរ,KH08,,Y0T4,,,PT,9.9
2014,២.២.២ ភាគរយកុមារអាយុក្រោម៥ឆ្នាំដែលមានភាពស្លេកស្លាំងមធ្យមឬធ្ងន់ធ្ងរ,KH08,,Y0T4,,,PT,9.2
2000,២.២.២ ភាគរយកុមារអាយុក្រោម៥ឆ្នាំដែលមានភាពស្លេកស្លាំងមធ្យមឬធ្ងន់ធ្ងរ,KH09,,Y0T4,,,PT,14.7
2005,២.២.២ ភាគរយកុមារអាយុក្រោម៥ឆ្នាំដែលមានភាពស្លេកស្លាំងមធ្យមឬធ្ងន់ធ្ងរ,KH10,,Y0T4,,,PT,4.2
2010,២.២.២ ភាគរយកុមារអាយុក្រោម៥ឆ្នាំដែលមានភាពស្លេកស្លាំងមធ្យមឬធ្ងន់ធ្ងរ,KH10,,Y0T4,,,PT,7.1
2014,២.២.២ ភាគរយកុមារអាយុក្រោម៥ឆ្នាំដែលមានភាពស្លេកស្លាំងមធ្យមឬធ្ងន់ធ្ងរ,KH10,,Y0T4,,,PT,6.5
2005,២.២.២ ភាគរយកុមារអាយុក្រោម៥ឆ្នាំដែលមានភាពស្លេកស្លាំងមធ្យមឬធ្ងន់ធ្ងរ,KH22,,Y0T4,,,PT,10.3
2010,២.២.២ ភាគរយកុមារអាយុក្រោម៥ឆ្នាំដែលមានភាពស្លេកស្លាំងមធ្យមឬធ្ងន់ធ្ងរ,KH22,,Y0T4,,,PT,17.6
2014,២.២.២ ភាគរយកុមារអាយុក្រោម៥ឆ្នាំដែលមានភាពស្លេកស្លាំងមធ្យមឬធ្ងន់ធ្ងរ,KH22,,Y0T4,,,PT,15.1
2000,២.២.២ ភាគរយកុមារអាយុក្រោម៥ឆ្នាំដែលមានភាពស្លេកស្លាំងមធ្យមឬធ្ងន់ធ្ងរ,KH12,,Y0T4,,,PT,18.3
2005,២.២.២ ភាគរយកុមារអាយុក្រោម៥ឆ្នាំដែលមានភាពស្លេកស្លាំងមធ្យមឬធ្ងន់ធ្ងរ,KH12,,Y0T4,,,PT,5.5
2010,២.២.២ ភាគរយកុមារអាយុក្រោម៥ឆ្នាំដែលមានភាពស្លេកស្លាំងមធ្យមឬធ្ងន់ធ្ងរ,KH12,,Y0T4,,,PT,11.2
2014,២.២.២ ភាគរយកុមារអាយុក្រោម៥ឆ្នាំដែលមានភាពស្លេកស្លាំងមធ្យមឬធ្ងន់ធ្ងរ,KH12,,Y0T4,,,PT,8.4
2000,២.២.២ ភាគរយកុមារអាយុក្រោម៥ឆ្នាំដែលមានភាពស្លេកស្លាំងមធ្យមឬធ្ងន់ធ្ងរ,KH14,,Y0T4,,,PT,15.1
2005,២.២.២ ភាគរយកុមារអាយុក្រោម៥ឆ្នាំដែលមានភាពស្លេកស្លាំងមធ្យមឬធ្ងន់ធ្ងរ,KH14,,Y0T4,,,PT,11.3
2010,២.២.២ ភាគរយកុមារអាយុក្រោម៥ឆ្នាំដែលមានភាពស្លេកស្លាំងមធ្យមឬធ្ងន់ធ្ងរ,KH14,,Y0T4,,,PT,10.9
2014,២.២.២ ភាគរយកុមារអាយុក្រោម៥ឆ្នាំដែលមានភាពស្លេកស្លាំងមធ្យមឬធ្ងន់ធ្ងរ,KH14,,Y0T4,,,PT,8.6
2000,២.២.២ ភាគរយកុមារអាយុក្រោម៥ឆ្នាំដែលមានភាពស្លេកស្លាំងមធ្យមឬធ្ងន់ធ្ងរ,KH15,,Y0T4,,,PT,13.4
2005,២.២.២ ភាគរយកុមារអាយុក្រោម៥ឆ្នាំដែលមានភាពស្លេកស្លាំងមធ្យមឬធ្ងន់ធ្ងរ,KH15,,Y0T4,,,PT,17.0
2010,២.២.២ ភាគរយកុមារអាយុក្រោម៥ឆ្នាំដែលមានភាពស្លេកស្លាំងមធ្យមឬធ្ងន់ធ្ងរ,KH15,,Y0T4,,,PT,13.3
2014,២.២.២ ភាគរយកុមារអាយុក្រោម៥ឆ្នាំដែលមានភាពស្លេកស្លាំងមធ្យមឬធ្ងន់ធ្ងរ,KH15,,Y0T4,,,PT,12.3
2005,២.២.២ ភាគរយកុមារអាយុក្រោម៥ឆ្នាំដែលមានភាពស្លេកស្លាំងមធ្យមឬធ្ងន់ធ្ងរ,KH17,,Y0T4,,,PT,6.3
2010,២.២.២ ភាគរយកុមារអាយុក្រោម៥ឆ្នាំដែលមានភាពស្លេកស្លាំងមធ្យមឬធ្ងន់ធ្ងរ,KH17,,Y0T4,,,PT,12.3
2014,២.២.២ ភាគរយកុមារអាយុក្រោម៥ឆ្នាំដែលមានភាពស្លេកស្លាំងមធ្យមឬធ្ងន់ធ្ងរ,KH17,,Y0T4,,,PT,9.5
2000,២.២.២ ភាគរយកុមារអាយុក្រោម៥ឆ្នាំដែលមានភាពស្លេកស្លាំងមធ្យមឬធ្ងន់ធ្ងរ,KH20,,Y0T4,,,PT,13.0
2005,២.២.២ ភាគរយកុមារអាយុក្រោម៥ឆ្នាំដែលមានភាពស្លេកស្លាំងមធ្យមឬធ្ងន់ធ្ងរ,KH20,,Y0T4,,,PT,7.8
2010,២.២.២ ភាគរយកុមារអាយុក្រោម៥ឆ្នាំដែលមានភាពស្លេកស្លាំងមធ្យមឬធ្ងន់ធ្ងរ,KH20,,Y0T4,,,PT,12.2
2014,២.២.២ ភាគរយកុមារអាយុក្រោម៥ឆ្នាំដែលមានភាពស្លេកស្លាំងមធ្យមឬធ្ងន់ធ្ងរ,KH20,,Y0T4,,,PT,7.6
2000,២.២.២ ភាគរយកុមារអាយុក្រោម៥ឆ្នាំដែលមានភាពស្លេកស្លាំងមធ្យមឬធ្ងន់ធ្ងរ,KH21,,Y0T4,,,PT,17.2
2005,២.២.២ ភាគរយកុមារអាយុក្រោម៥ឆ្នាំដែលមានភាពស្លេកស្លាំងមធ្យមឬធ្ងន់ធ្ងរ,KH21,,Y0T4,,,PT,7.6
2010,២.២.២ ភាគរយកុមារអាយុក្រោម៥ឆ្នាំដែលមានភាពស្លេកស្លាំងមធ្យមឬធ្ងន់ធ្ងរ,KH21,,Y0T4,,,PT,9.5
2014,២.២.២ ភាគរយកុមារអាយុក្រោម៥ឆ្នាំដែលមានភាពស្លេកស្លាំងមធ្យមឬធ្ងន់ធ្ងរ,KH21,,Y0T4,,,PT,14.6
2000,២.២.២ ភាគរយកុមារអាយុក្រោម៥ឆ្នាំដែលមានភាពស្លេកស្លាំងមធ្យមឬធ្ងន់ធ្ងរ,KH_AGG_KH02_KH24,,Y0T4,,,PT,21.1
2005,២.២.២ ភាគរយកុមារអាយុក្រោម៥ឆ្នាំដែលមានភាពស្លេកស្លាំងមធ្យមឬធ្ងន់ធ្ងរ,KH_AGG_KH02_KH24,,Y0T4,,,PT,5.6
2010,២.២.២ ភាគរយកុមារអាយុក្រោម៥ឆ្នាំដែលមានភាពស្លេកស្លាំងមធ្យមឬធ្ងន់ធ្ងរ,KH_AGG_KH02_KH24,,Y0T4,,,PT,14.4
2014,២.២.២ ភាគរយកុមារអាយុក្រោម៥ឆ្នាំដែលមានភាពស្លេកស្លាំងមធ្យមឬធ្ងន់ធ្ងរ,KH_AGG_KH02_KH24,,Y0T4,,,PT,7.9
2000,២.២.២ ភាគរយកុមារអាយុក្រោម៥ឆ្នាំដែលមានភាពស្លេកស្លាំងមធ្យមឬធ្ងន់ធ្ងរ,KH_AGG_KH07_KH18_KH23,,Y0T4,,,PT,9.6
2000,២.២.២ ភាគរយកុមារអាយុក្រោម៥ឆ្នាំដែលមានភាពស្លេកស្លាំងមធ្យមឬធ្ងន់ធ្ងរ,KH_AGG_KH10_KH13_KH19,,Y0T4,,,PT,10.9
2000,២.២.២ ភាគរយកុមារអាយុក្រោម៥ឆ្នាំដែលមានភាពស្លេកស្លាំងមធ្យមឬធ្ងន់ធ្ងរ,KH_AGG_KH11_KH16,,Y0T4,,,PT,15.2
2005,២.២.២ ភាគរយកុមារអាយុក្រោម៥ឆ្នាំដែលមានភាពស្លេកស្លាំងមធ្យមឬធ្ងន់ធ្ងរ,KH_AGG_KH11_KH16,,Y0T4,,,PT,7.6
2010,២.២.២ ភាគរយកុមារអាយុក្រោម៥ឆ្នាំដែលមានភាពស្លេកស្លាំងមធ្យមឬធ្ងន់ធ្ងរ,KH_AGG_KH11_KH16,,Y0T4,,,PT,10.3
2014,២.២.២ ភាគរយកុមារអាយុក្រោម៥ឆ្នាំដែលមានភាពស្លេកស្លាំងមធ្យមឬធ្ងន់ធ្ងរ,KH_AGG_KH11_KH16,,Y0T4,,,PT,8.2
2000,២.២.២ ភាគរយកុមារអាយុក្រោម៥ឆ្នាំដែលមានភាពស្លេកស្លាំងមធ្យមឬធ្ងន់ធ្ងរ,KH_AGG_KH22_KH17,,Y0T4,,,PT,10.6
2005,២.២.២ ភាគរយកុមារអាយុក្រោម៥ឆ្នាំដែលមានភាពស្លេកស្លាំងមធ្យមឬធ្ងន់ធ្ងរ,KH_AGG_KH07_KH23,,Y0T4,,,PT,5.0
2010,២.២.២ ភាគរយកុមារអាយុក្រោម៥ឆ្នាំដែលមានភាពស្លេកស្លាំងមធ្យមឬធ្ងន់ធ្ងរ,KH_AGG_KH07_KH23,,Y0T4,,,PT,8.9
2014,២.២.២ ភាគរយកុមារអាយុក្រោម៥ឆ្នាំដែលមានភាពស្លេកស្លាំងមធ្យមឬធ្ងន់ធ្ងរ,KH_AGG_KH07_KH23,,Y0T4,,,PT,8.2
2005,២.២.២ ភាគរយកុមារអាយុក្រោម៥ឆ្នាំដែលមានភាពស្លេកស្លាំងមធ្យមឬធ្ងន់ធ្ងរ,KH_KH09_KH18,,Y0T4,,,PT,7.3
2010,២.២.២ ភាគរយកុមារអាយុក្រោម៥ឆ្នាំដែលមានភាពស្លេកស្លាំងមធ្យមឬធ្ងន់ធ្ងរ,KH_KH09_KH18,,Y0T4,,,PT,9.1
2014,២.២.២ ភាគរយកុមារអាយុក្រោម៥ឆ្នាំដែលមានភាពស្លេកស្លាំងមធ្យមឬធ្ងន់ធ្ងរ,KH_KH09_KH18,,Y0T4,,,PT,10.5
2005,២.២.២ ភាគរយកុមារអាយុក្រោម៥ឆ្នាំដែលមានភាពស្លេកស្លាំងមធ្យមឬធ្ងន់ធ្ងរ,KH_AGG_KH13_KH19,,Y0T4,,,PT,9.7
2010,២.២.២ ភាគរយកុមារអាយុក្រោម៥ឆ្នាំដែលមានភាពស្លេកស្លាំងមធ្យមឬធ្ងន់ធ្ងរ,KH_AGG_KH13_KH19,,Y0T4,,,PT,8.0
2014,២.២.២ ភាគរយកុមារអាយុក្រោម៥ឆ្នាំដែលមានភាពស្លេកស្លាំងមធ្យមឬធ្ងន់ធ្ងរ,KH_AGG_KH13_KH19,,Y0T4,,,PT,13.8
