Year,SERIES,REF_AREA,UNIT_MEASURE,Value
2016,២.៤.១ ផលិតភាពដីកសិកម្មដែលបាននិងកំពុងប្រើប្រាស់ធ្វើកសិកម្មប្រកបដោយចីរភាព,KH,USD_PER_HA,1548
2017,២.៤.១ ផលិតភាពដីកសិកម្មដែលបាននិងកំពុងប្រើប្រាស់ធ្វើកសិកម្មប្រកបដោយចីរភាព,KH,USD_PER_HA,1608
2018,២.៤.១ ផលិតភាពដីកសិកម្មដែលបាននិងកំពុងប្រើប្រាស់ធ្វើកសិកម្មប្រកបដោយចីរភាព,KH,USD_PER_HA,1671
2019,២.៤.១ ផលិតភាពដីកសិកម្មដែលបាននិងកំពុងប្រើប្រាស់ធ្វើកសិកម្មប្រកបដោយចីរភាព,KH,USD_PER_HA,1736
2020,២.៤.១ ផលិតភាពដីកសិកម្មដែលបាននិងកំពុងប្រើប្រាស់ធ្វើកសិកម្មប្រកបដោយចីរភាព,KH,USD_PER_HA,1804
