Year,SERIES,តំបន់យោង,UNIT_MEASURE,Value
2016,២.៥.១ ចំនួនធនធានពន្ធុរុក្ខជាតិសម្រាប់ស្បៀងអាហារនិងកសិកម្មបានធានាក្នុងគោលនយោបាយយុទ្ធសាស្ត្រនិងទីកន្លែងអភិរក្សរយៈពេលមធ្យមឬរយៈពេលវែង,,ចំនួន,95
2017,២.៥.១ ចំនួនធនធានពន្ធុរុក្ខជាតិសម្រាប់ស្បៀងអាហារនិងកសិកម្មបានធានាក្នុងគោលនយោបាយយុទ្ធសាស្ត្រនិងទីកន្លែងអភិរក្សរយៈពេលមធ្យមឬរយៈពេលវែង,,ចំនួន,96
2018,២.៥.១ ចំនួនធនធានពន្ធុរុក្ខជាតិសម្រាប់ស្បៀងអាហារនិងកសិកម្មបានធានាក្នុងគោលនយោបាយយុទ្ធសាស្ត្រនិងទីកន្លែងអភិរក្សរយៈពេលមធ្យមឬរយៈពេលវែង,,ចំនួន,98
2019,២.៥.១ ចំនួនធនធានពន្ធុរុក្ខជាតិសម្រាប់ស្បៀងអាហារនិងកសិកម្មបានធានាក្នុងគោលនយោបាយយុទ្ធសាស្ត្រនិងទីកន្លែងអភិរក្សរយៈពេលមធ្យមឬរយៈពេលវែង,,ចំនួន,102
2020,២.៥.១ ចំនួនធនធានពន្ធុរុក្ខជាតិសម្រាប់ស្បៀងអាហារនិងកសិកម្មបានធានាក្នុងគោលនយោបាយយុទ្ធសាស្ត្រនិងទីកន្លែងអភិរក្សរយៈពេលមធ្យមឬរយៈពេលវែង,,ចំនួន,105
