Year,SERIES,REF_AREA,UNIT_MEASURE,Value
2016,២.៥.១ ចំនួនធនធានពន្ធុរុក្ខជាតិសម្រាប់ស្បៀងអាហារនិងកសិកម្មបានធានាក្នុងគោលនយោបាយយុទ្ធសាស្ត្រនិងទីកន្លែងអភិរក្សរយៈពេលមធ្យមឬរយៈពេលវែង,,NUMBER,95
2017,២.៥.១ ចំនួនធនធានពន្ធុរុក្ខជាតិសម្រាប់ស្បៀងអាហារនិងកសិកម្មបានធានាក្នុងគោលនយោបាយយុទ្ធសាស្ត្រនិងទីកន្លែងអភិរក្សរយៈពេលមធ្យមឬរយៈពេលវែង,,NUMBER,96
2018,២.៥.១ ចំនួនធនធានពន្ធុរុក្ខជាតិសម្រាប់ស្បៀងអាហារនិងកសិកម្មបានធានាក្នុងគោលនយោបាយយុទ្ធសាស្ត្រនិងទីកន្លែងអភិរក្សរយៈពេលមធ្យមឬរយៈពេលវែង,,NUMBER,98
2019,២.៥.១ ចំនួនធនធានពន្ធុរុក្ខជាតិសម្រាប់ស្បៀងអាហារនិងកសិកម្មបានធានាក្នុងគោលនយោបាយយុទ្ធសាស្ត្រនិងទីកន្លែងអភិរក្សរយៈពេលមធ្យមឬរយៈពេលវែង,,NUMBER,102
2020,២.៥.១ ចំនួនធនធានពន្ធុរុក្ខជាតិសម្រាប់ស្បៀងអាហារនិងកសិកម្មបានធានាក្នុងគោលនយោបាយយុទ្ធសាស្ត្រនិងទីកន្លែងអភិរក្សរយៈពេលមធ្យមឬរយៈពេលវែង,,NUMBER,105
