Year,SERIES,REF_AREA,UNIT_MEASURE,Value
2015,៣.៥.២ ភាគរយនៃប្រជាជនពេញ វ័យមានជំងឺធ្លាក់ទឹកចិត្តបានទទួលសេវាព្យាបាល,KH,PT,2
2016,៣.៥.២ ភាគរយនៃប្រជាជនពេញ វ័យមានជំងឺធ្លាក់ទឹកចិត្តបានទទួលសេវាព្យាបាល,KH,PT,4
2017,៣.៥.២ ភាគរយនៃប្រជាជនពេញ វ័យមានជំងឺធ្លាក់ទឹកចិត្តបានទទួលសេវាព្យាបាល,KH,PT,6
2018,៣.៥.២ ភាគរយនៃប្រជាជនពេញ វ័យមានជំងឺធ្លាក់ទឹកចិត្តបានទទួលសេវាព្យាបាល,KH,PT,10
2019,៣.៥.២ ភាគរយនៃប្រជាជនពេញ វ័យមានជំងឺធ្លាក់ទឹកចិត្តបានទទួលសេវាព្យាបាល,KH,PT,15
2020,៣.៥.២ ភាគរយនៃប្រជាជនពេញ វ័យមានជំងឺធ្លាក់ទឹកចិត្តបានទទួលសេវាព្យាបាល,KH,PT,20
