Year,SERIES,តំបន់យោង,UNIT_MEASURE,Value
2015,៣.៥.២ ភាគរយនៃប្រជាជនពេញ វ័យមានជំងឺធ្លាក់ទឹកចិត្តបានទទួលសេវាព្យាបាល,,ភាគរយ,2
2016,៣.៥.២ ភាគរយនៃប្រជាជនពេញ វ័យមានជំងឺធ្លាក់ទឹកចិត្តបានទទួលសេវាព្យាបាល,,ភាគរយ,4
2017,៣.៥.២ ភាគរយនៃប្រជាជនពេញ វ័យមានជំងឺធ្លាក់ទឹកចិត្តបានទទួលសេវាព្យាបាល,,ភាគរយ,6
2018,៣.៥.២ ភាគរយនៃប្រជាជនពេញ វ័យមានជំងឺធ្លាក់ទឹកចិត្តបានទទួលសេវាព្យាបាល,,ភាគរយ,10
2019,៣.៥.២ ភាគរយនៃប្រជាជនពេញ វ័យមានជំងឺធ្លាក់ទឹកចិត្តបានទទួលសេវាព្យាបាល,,ភាគរយ,15
2020,៣.៥.២ ភាគរយនៃប្រជាជនពេញ វ័យមានជំងឺធ្លាក់ទឹកចិត្តបានទទួលសេវាព្យាបាល,,ភាគរយ,20
