Year,SERIES,REF_AREA,UNIT_MEASURE,Value
2015,៣.គ.១ ផលធៀបវេជ្ជបណ្ឌិត/គិលានុប្បដ្ឋាក/យិកា/ឆ្មប លើប្រជាជន១ ០០០នាក់,,PER_1000_POP,1.14
2016,៣.គ.១ ផលធៀបវេជ្ជបណ្ឌិត/គិលានុប្បដ្ឋាក/យិកា/ឆ្មប លើប្រជាជន១ ០០០នាក់,,PER_1000_POP,1.3
2017,៣.គ.១ ផលធៀបវេជ្ជបណ្ឌិត/គិលានុប្បដ្ឋាក/យិកា/ឆ្មប លើប្រជាជន១ ០០០នាក់,,PER_1000_POP,1.35
2018,៣.គ.១ ផលធៀបវេជ្ជបណ្ឌិត/គិលានុប្បដ្ឋាក/យិកា/ឆ្មប លើប្រជាជន១ ០០០នាក់,,PER_1000_POP,1.36
2019,៣.គ.១ ផលធៀបវេជ្ជបណ្ឌិត/គិលានុប្បដ្ឋាក/យិកា/ឆ្មប លើប្រជាជន១ ០០០នាក់,,PER_1000_POP,1.37
2020,៣.គ.១ ផលធៀបវេជ្ជបណ្ឌិត/គិលានុប្បដ្ឋាក/យិកា/ឆ្មប លើប្រជាជន១ ០០០នាក់,,PER_1000_POP,1.38
