Year,SERIES,REF_AREA,UNIT_MEASURE,Value
2015,៤.២.១ ភាគរយសិស្សថ្នាក់ទី១ បានឆ្លងកាត់កម្មវិធីអប់រំកុមារតូចគ្រប់រូបភាព,KH,PT,62.0
2016,៤.២.១ ភាគរយសិស្សថ្នាក់ទី១ បានឆ្លងកាត់កម្មវិធីអប់រំកុមារតូចគ្រប់រូបភាព,KH,PT,63.4
2017,៤.២.១ ភាគរយសិស្សថ្នាក់ទី១ បានឆ្លងកាត់កម្មវិធីអប់រំកុមារតូចគ្រប់រូបភាព,KH,PT,64.0
2018,៤.២.១ ភាគរយសិស្សថ្នាក់ទី១ បានឆ្លងកាត់កម្មវិធីអប់រំកុមារតូចគ្រប់រូបភាព,KH,PT,65.0
2019,៤.២.១ ភាគរយសិស្សថ្នាក់ទី១ បានឆ្លងកាត់កម្មវិធីអប់រំកុមារតូចគ្រប់រូបភាព,KH,PT,65.5
2020,៤.២.១ ភាគរយសិស្សថ្នាក់ទី១ បានឆ្លងកាត់កម្មវិធីអប់រំកុមារតូចគ្រប់រូបភាព,KH,PT,68.0
