Year,SERIES,REF_AREA,UNIT_MEASURE,Value
2015,៤.២.២ អត្រារួមនៃការសិក្សានៅមត្តេយ្យសិក្សា,KH,PT,35.3
2016,៤.២.២ អត្រារួមនៃការសិក្សានៅមត្តេយ្យសិក្សា,KH,PT,37.0
2017,៤.២.២ អត្រារួមនៃការសិក្សានៅមត្តេយ្យសិក្សា,KH,PT,41.0
2018,៤.២.២ អត្រារួមនៃការសិក្សានៅមត្តេយ្យសិក្សា,KH,PT,41.8
2019,៤.២.២ អត្រារួមនៃការសិក្សានៅមត្តេយ្យសិក្សា,KH,PT,42.7
2020,៤.២.២ អត្រារួមនៃការសិក្សានៅមត្តេយ្យសិក្សា,KH,PT,43.5
