Year,SERIES,REF_AREA,URBANISATION,EDUCATION_LEV,UNIT_MEASURE,Value
2008,៤.៥.២ សន្ទស្សន៍យុគភាព យេនឌ័រនៃអត្រារួមនៃការសិក្សានៅមធ្យមសិក្សាទុតិយភូមិ,KH,,ISCED11_3,PT,0.75
2009,៤.៥.២ សន្ទស្សន៍យុគភាព យេនឌ័រនៃអត្រារួមនៃការសិក្សានៅមធ្យមសិក្សាទុតិយភូមិ,KH,,ISCED11_3,PT,0.83
2010,៤.៥.២ សន្ទស្សន៍យុគភាព យេនឌ័រនៃអត្រារួមនៃការសិក្សានៅមធ្យមសិក្សាទុតិយភូមិ,KH,,ISCED11_3,PT,0.84
2011,៤.៥.២ សន្ទស្សន៍យុគភាព យេនឌ័រនៃអត្រារួមនៃការសិក្សានៅមធ្យមសិក្សាទុតិយភូមិ,KH,,ISCED11_3,PT,0.9
2012,៤.៥.២ សន្ទស្សន៍យុគភាព យេនឌ័រនៃអត្រារួមនៃការសិក្សានៅមធ្យមសិក្សាទុតិយភូមិ,KH,,ISCED11_3,PT,0.93
2013,៤.៥.២ សន្ទស្សន៍យុគភាព យេនឌ័រនៃអត្រារួមនៃការសិក្សានៅមធ្យមសិក្សាទុតិយភូមិ,KH,,ISCED11_3,PT,0.98
2014,៤.៥.២ សន្ទស្សន៍យុគភាព យេនឌ័រនៃអត្រារួមនៃការសិក្សានៅមធ្យមសិក្សាទុតិយភូមិ,KH,,ISCED11_3,PT,1.0
2015,៤.៥.២ សន្ទស្សន៍យុគភាព យេនឌ័រនៃអត្រារួមនៃការសិក្សានៅមធ្យមសិក្សាទុតិយភូមិ,KH,,ISCED11_3,PT,1.08
2016,៤.៥.២ សន្ទស្សន៍យុគភាព យេនឌ័រនៃអត្រារួមនៃការសិក្សានៅមធ្យមសិក្សាទុតិយភូមិ,KH,,ISCED11_3,PT,1.13
2017,៤.៥.២ សន្ទស្សន៍យុគភាព យេនឌ័រនៃអត្រារួមនៃការសិក្សានៅមធ្យមសិក្សាទុតិយភូមិ,KH,,ISCED11_3,PT,1.18
2018,៤.៥.២ សន្ទស្សន៍យុគភាព យេនឌ័រនៃអត្រារួមនៃការសិក្សានៅមធ្យមសិក្សាទុតិយភូមិ,KH,,ISCED11_3,PT,1.24
2019,៤.៥.២ សន្ទស្សន៍យុគភាព យេនឌ័រនៃអត្រារួមនៃការសិក្សានៅមធ្យមសិក្សាទុតិយភូមិ,KH,,ISCED11_3,PT,1.31
2008,៤.៥.២ សន្ទស្សន៍យុគភាព យេនឌ័រនៃអត្រារួមនៃការសិក្សានៅមធ្យមសិក្សាទុតិយភូមិ,KH,U,ISCED11_3,PT,0.78
2009,៤.៥.២ សន្ទស្សន៍យុគភាព យេនឌ័រនៃអត្រារួមនៃការសិក្សានៅមធ្យមសិក្សាទុតិយភូមិ,KH,U,ISCED11_3,PT,0.77
2010,៤.៥.២ សន្ទស្សន៍យុគភាព យេនឌ័រនៃអត្រារួមនៃការសិក្សានៅមធ្យមសិក្សាទុតិយភូមិ,KH,U,ISCED11_3,PT,0.81
2011,៤.៥.២ សន្ទស្សន៍យុគភាព យេនឌ័រនៃអត្រារួមនៃការសិក្សានៅមធ្យមសិក្សាទុតិយភូមិ,KH,U,ISCED11_3,PT,0.86
2012,៤.៥.២ សន្ទស្សន៍យុគភាព យេនឌ័រនៃអត្រារួមនៃការសិក្សានៅមធ្យមសិក្សាទុតិយភូមិ,KH,U,ISCED11_3,PT,0.88
2013,៤.៥.២ សន្ទស្សន៍យុគភាព យេនឌ័រនៃអត្រារួមនៃការសិក្សានៅមធ្យមសិក្សាទុតិយភូមិ,KH,U,ISCED11_3,PT,0.93
2014,៤.៥.២ សន្ទស្សន៍យុគភាព យេនឌ័រនៃអត្រារួមនៃការសិក្សានៅមធ្យមសិក្សាទុតិយភូមិ,KH,U,ISCED11_3,PT,1.0
2015,៤.៥.២ សន្ទស្សន៍យុគភាព យេនឌ័រនៃអត្រារួមនៃការសិក្សានៅមធ្យមសិក្សាទុតិយភូមិ,KH,U,ISCED11_3,PT,1.0
2016,៤.៥.២ សន្ទស្សន៍យុគភាព យេនឌ័រនៃអត្រារួមនៃការសិក្សានៅមធ្យមសិក្សាទុតិយភូមិ,KH,U,ISCED11_3,PT,1.03
2017,៤.៥.២ សន្ទស្សន៍យុគភាព យេនឌ័រនៃអត្រារួមនៃការសិក្សានៅមធ្យមសិក្សាទុតិយភូមិ,KH,U,ISCED11_3,PT,1.03
2018,៤.៥.២ សន្ទស្សន៍យុគភាព យេនឌ័រនៃអត្រារួមនៃការសិក្សានៅមធ្យមសិក្សាទុតិយភូមិ,KH,U,ISCED11_3,PT,1.07
2019,៤.៥.២ សន្ទស្សន៍យុគភាព យេនឌ័រនៃអត្រារួមនៃការសិក្សានៅមធ្យមសិក្សាទុតិយភូមិ,KH,U,ISCED11_3,PT,1.13
2008,៤.៥.២ សន្ទស្សន៍យុគភាព យេនឌ័រនៃអត្រារួមនៃការសិក្សានៅមធ្យមសិក្សាទុតិយភូមិ,KH,R,ISCED11_3,PT,0.72
2009,៤.៥.២ សន្ទស្សន៍យុគភាព យេនឌ័រនៃអត្រារួមនៃការសិក្សានៅមធ្យមសិក្សាទុតិយភូមិ,KH,R,ISCED11_3,PT,0.83
2010,៤.៥.២ សន្ទស្សន៍យុគភាព យេនឌ័រនៃអត្រារួមនៃការសិក្សានៅមធ្យមសិក្សាទុតិយភូមិ,KH,R,ISCED11_3,PT,0.84
2011,៤.៥.២ សន្ទស្សន៍យុគភាព យេនឌ័រនៃអត្រារួមនៃការសិក្សានៅមធ្យមសិក្សាទុតិយភូមិ,KH,R,ISCED11_3,PT,0.91
2012,៤.៥.២ សន្ទស្សន៍យុគភាព យេនឌ័រនៃអត្រារួមនៃការសិក្សានៅមធ្យមសិក្សាទុតិយភូមិ,KH,R,ISCED11_3,PT,0.95
2013,៤.៥.២ សន្ទស្សន៍យុគភាព យេនឌ័រនៃអត្រារួមនៃការសិក្សានៅមធ្យមសិក្សាទុតិយភូមិ,KH,R,ISCED11_3,PT,0.98
2014,៤.៥.២ សន្ទស្សន៍យុគភាព យេនឌ័រនៃអត្រារួមនៃការសិក្សានៅមធ្យមសិក្សាទុតិយភូមិ,KH,R,ISCED11_3,PT,1.0
2015,៤.៥.២ សន្ទស្សន៍យុគភាព យេនឌ័រនៃអត្រារួមនៃការសិក្សានៅមធ្យមសិក្សាទុតិយភូមិ,KH,R,ISCED11_3,PT,1.11
2016,៤.៥.២ សន្ទស្សន៍យុគភាព យេនឌ័រនៃអត្រារួមនៃការសិក្សានៅមធ្យមសិក្សាទុតិយភូមិ,KH,R,ISCED11_3,PT,1.17
2017,៤.៥.២ សន្ទស្សន៍យុគភាព យេនឌ័រនៃអត្រារួមនៃការសិក្សានៅមធ្យមសិក្សាទុតិយភូមិ,KH,R,ISCED11_3,PT,1.24
2018,៤.៥.២ សន្ទស្សន៍យុគភាព យេនឌ័រនៃអត្រារួមនៃការសិក្សានៅមធ្យមសិក្សាទុតិយភូមិ,KH,R,ISCED11_3,PT,1.3
2019,៤.៥.២ សន្ទស្សន៍យុគភាព យេនឌ័រនៃអត្រារួមនៃការសិក្សានៅមធ្យមសិក្សាទុតិយភូមិ,KH,R,ISCED11_3,PT,1.37
2008,៤.៥.២ សន្ទស្សន៍យុគភាព យេនឌ័រនៃអត្រារួមនៃការសិក្សានៅមធ្យមសិក្សាទុតិយភូមិ,KH01,,ISCED11_3,PT,0.87
2009,៤.៥.២ សន្ទស្សន៍យុគភាព យេនឌ័រនៃអត្រារួមនៃការសិក្សានៅមធ្យមសិក្សាទុតិយភូមិ,KH01,,ISCED11_3,PT,0.91
2010,៤.៥.២ សន្ទស្សន៍យុគភាព យេនឌ័រនៃអត្រារួមនៃការសិក្សានៅមធ្យមសិក្សាទុតិយភូមិ,KH01,,ISCED11_3,PT,0.97
2011,៤.៥.២ សន្ទស្សន៍យុគភាព យេនឌ័រនៃអត្រារួមនៃការសិក្សានៅមធ្យមសិក្សាទុតិយភូមិ,KH01,,ISCED11_3,PT,0.99
2012,៤.៥.២ សន្ទស្សន៍យុគភាព យេនឌ័រនៃអត្រារួមនៃការសិក្សានៅមធ្យមសិក្សាទុតិយភូមិ,KH01,,ISCED11_3,PT,1.05
2013,៤.៥.២ សន្ទស្សន៍យុគភាព យេនឌ័រនៃអត្រារួមនៃការសិក្សានៅមធ្យមសិក្សាទុតិយភូមិ,KH01,,ISCED11_3,PT,1.08
2014,៤.៥.២ សន្ទស្សន៍យុគភាព យេនឌ័រនៃអត្រារួមនៃការសិក្សានៅមធ្យមសិក្សាទុតិយភូមិ,KH01,,ISCED11_3,PT,1.1
2015,៤.៥.២ សន្ទស្សន៍យុគភាព យេនឌ័រនៃអត្រារួមនៃការសិក្សានៅមធ្យមសិក្សាទុតិយភូមិ,KH01,,ISCED11_3,PT,1.17
2016,៤.៥.២ សន្ទស្សន៍យុគភាព យេនឌ័រនៃអត្រារួមនៃការសិក្សានៅមធ្យមសិក្សាទុតិយភូមិ,KH01,,ISCED11_3,PT,1.19
2017,៤.៥.២ សន្ទស្សន៍យុគភាព យេនឌ័រនៃអត្រារួមនៃការសិក្សានៅមធ្យមសិក្សាទុតិយភូមិ,KH01,,ISCED11_3,PT,1.24
2018,៤.៥.២ សន្ទស្សន៍យុគភាព យេនឌ័រនៃអត្រារួមនៃការសិក្សានៅមធ្យមសិក្សាទុតិយភូមិ,KH01,,ISCED11_3,PT,1.32
2019,៤.៥.២ សន្ទស្សន៍យុគភាព យេនឌ័រនៃអត្រារួមនៃការសិក្សានៅមធ្យមសិក្សាទុតិយភូមិ,KH01,,ISCED11_3,PT,1.41
2008,៤.៥.២ សន្ទស្សន៍យុគភាព យេនឌ័រនៃអត្រារួមនៃការសិក្សានៅមធ្យមសិក្សាទុតិយភូមិ,KH02,,ISCED11_3,PT,0.85
2009,៤.៥.២ សន្ទស្សន៍យុគភាព យេនឌ័រនៃអត្រារួមនៃការសិក្សានៅមធ្យមសិក្សាទុតិយភូមិ,KH02,,ISCED11_3,PT,0.97
2010,៤.៥.២ សន្ទស្សន៍យុគភាព យេនឌ័រនៃអត្រារួមនៃការសិក្សានៅមធ្យមសិក្សាទុតិយភូមិ,KH02,,ISCED11_3,PT,0.93
2011,៤.៥.២ សន្ទស្សន៍យុគភាព យេនឌ័រនៃអត្រារួមនៃការសិក្សានៅមធ្យមសិក្សាទុតិយភូមិ,KH02,,ISCED11_3,PT,1.03
2012,៤.៥.២ សន្ទស្សន៍យុគភាព យេនឌ័រនៃអត្រារួមនៃការសិក្សានៅមធ្យមសិក្សាទុតិយភូមិ,KH02,,ISCED11_3,PT,1.04
2013,៤.៥.២ សន្ទស្សន៍យុគភាព យេនឌ័រនៃអត្រារួមនៃការសិក្សានៅមធ្យមសិក្សាទុតិយភូមិ,KH02,,ISCED11_3,PT,1.11
2014,៤.៥.២ សន្ទស្សន៍យុគភាព យេនឌ័រនៃអត្រារួមនៃការសិក្សានៅមធ្យមសិក្សាទុតិយភូមិ,KH02,,ISCED11_3,PT,1.2
2015,៤.៥.២ សន្ទស្សន៍យុគភាព យេនឌ័រនៃអត្រារួមនៃការសិក្សានៅមធ្យមសិក្សាទុតិយភូមិ,KH02,,ISCED11_3,PT,1.28
2016,៤.៥.២ សន្ទស្សន៍យុគភាព យេនឌ័រនៃអត្រារួមនៃការសិក្សានៅមធ្យមសិក្សាទុតិយភូមិ,KH02,,ISCED11_3,PT,1.29
2017,៤.៥.២ សន្ទស្សន៍យុគភាព យេនឌ័រនៃអត្រារួមនៃការសិក្សានៅមធ្យមសិក្សាទុតិយភូមិ,KH02,,ISCED11_3,PT,1.32
2018,៤.៥.២ សន្ទស្សន៍យុគភាព យេនឌ័រនៃអត្រារួមនៃការសិក្សានៅមធ្យមសិក្សាទុតិយភូមិ,KH02,,ISCED11_3,PT,1.4
2019,៤.៥.២ សន្ទស្សន៍យុគភាព យេនឌ័រនៃអត្រារួមនៃការសិក្សានៅមធ្យមសិក្សាទុតិយភូមិ,KH02,,ISCED11_3,PT,1.38
2008,៤.៥.២ សន្ទស្សន៍យុគភាព យេនឌ័រនៃអត្រារួមនៃការសិក្សានៅមធ្យមសិក្សាទុតិយភូមិ,KH03,,ISCED11_3,PT,0.86
2009,៤.៥.២ សន្ទស្សន៍យុគភាព យេនឌ័រនៃអត្រារួមនៃការសិក្សានៅមធ្យមសិក្សាទុតិយភូមិ,KH03,,ISCED11_3,PT,0.96
2010,៤.៥.២ សន្ទស្សន៍យុគភាព យេនឌ័រនៃអត្រារួមនៃការសិក្សានៅមធ្យមសិក្សាទុតិយភូមិ,KH03,,ISCED11_3,PT,0.99
2011,៤.៥.២ សន្ទស្សន៍យុគភាព យេនឌ័រនៃអត្រារួមនៃការសិក្សានៅមធ្យមសិក្សាទុតិយភូមិ,KH03,,ISCED11_3,PT,1.01
2012,៤.៥.២ សន្ទស្សន៍យុគភាព យេនឌ័រនៃអត្រារួមនៃការសិក្សានៅមធ្យមសិក្សាទុតិយភូមិ,KH03,,ISCED11_3,PT,1.06
2013,៤.៥.២ សន្ទស្សន៍យុគភាព យេនឌ័រនៃអត្រារួមនៃការសិក្សានៅមធ្យមសិក្សាទុតិយភូមិ,KH03,,ISCED11_3,PT,1.1
2014,៤.៥.២ សន្ទស្សន៍យុគភាព យេនឌ័រនៃអត្រារួមនៃការសិក្សានៅមធ្យមសិក្សាទុតិយភូមិ,KH03,,ISCED11_3,PT,1.2
2015,៤.៥.២ សន្ទស្សន៍យុគភាព យេនឌ័រនៃអត្រារួមនៃការសិក្សានៅមធ្យមសិក្សាទុតិយភូមិ,KH03,,ISCED11_3,PT,1.24
2016,៤.៥.២ សន្ទស្សន៍យុគភាព យេនឌ័រនៃអត្រារួមនៃការសិក្សានៅមធ្យមសិក្សាទុតិយភូមិ,KH03,,ISCED11_3,PT,1.27
2017,៤.៥.២ សន្ទស្សន៍យុគភាព យេនឌ័រនៃអត្រារួមនៃការសិក្សានៅមធ្យមសិក្សាទុតិយភូមិ,KH03,,ISCED11_3,PT,1.36
2018,៤.៥.២ សន្ទស្សន៍យុគភាព យេនឌ័រនៃអត្រារួមនៃការសិក្សានៅមធ្យមសិក្សាទុតិយភូមិ,KH03,,ISCED11_3,PT,1.43
2019,៤.៥.២ សន្ទស្សន៍យុគភាព យេនឌ័រនៃអត្រារួមនៃការសិក្សានៅមធ្យមសិក្សាទុតិយភូមិ,KH03,,ISCED11_3,PT,1.48
2008,៤.៥.២ សន្ទស្សន៍យុគភាព យេនឌ័រនៃអត្រារួមនៃការសិក្សានៅមធ្យមសិក្សាទុតិយភូមិ,KH04,,ISCED11_3,PT,0.78
2009,៤.៥.២ សន្ទស្សន៍យុគភាព យេនឌ័រនៃអត្រារួមនៃការសិក្សានៅមធ្យមសិក្សាទុតិយភូមិ,KH04,,ISCED11_3,PT,0.88
2010,៤.៥.២ សន្ទស្សន៍យុគភាព យេនឌ័រនៃអត្រារួមនៃការសិក្សានៅមធ្យមសិក្សាទុតិយភូមិ,KH04,,ISCED11_3,PT,0.89
2011,៤.៥.២ សន្ទស្សន៍យុគភាព យេនឌ័រនៃអត្រារួមនៃការសិក្សានៅមធ្យមសិក្សាទុតិយភូមិ,KH04,,ISCED11_3,PT,0.97
2012,៤.៥.២ សន្ទស្សន៍យុគភាព យេនឌ័រនៃអត្រារួមនៃការសិក្សានៅមធ្យមសិក្សាទុតិយភូមិ,KH04,,ISCED11_3,PT,0.99
2013,៤.៥.២ សន្ទស្សន៍យុគភាព យេនឌ័រនៃអត្រារួមនៃការសិក្សានៅមធ្យមសិក្សាទុតិយភូមិ,KH04,,ISCED11_3,PT,1.04
2014,៤.៥.២ សន្ទស្សន៍យុគភាព យេនឌ័រនៃអត្រារួមនៃការសិក្សានៅមធ្យមសិក្សាទុតិយភូមិ,KH04,,ISCED11_3,PT,1.1
2015,៤.៥.២ សន្ទស្សន៍យុគភាព យេនឌ័រនៃអត្រារួមនៃការសិក្សានៅមធ្យមសិក្សាទុតិយភូមិ,KH04,,ISCED11_3,PT,1.2
2016,៤.៥.២ សន្ទស្សន៍យុគភាព យេនឌ័រនៃអត្រារួមនៃការសិក្សានៅមធ្យមសិក្សាទុតិយភូមិ,KH04,,ISCED11_3,PT,1.25
2017,៤.៥.២ សន្ទស្សន៍យុគភាព យេនឌ័រនៃអត្រារួមនៃការសិក្សានៅមធ្យមសិក្សាទុតិយភូមិ,KH04,,ISCED11_3,PT,1.31
2018,៤.៥.២ សន្ទស្សន៍យុគភាព យេនឌ័រនៃអត្រារួមនៃការសិក្សានៅមធ្យមសិក្សាទុតិយភូមិ,KH04,,ISCED11_3,PT,1.39
2019,៤.៥.២ សន្ទស្សន៍យុគភាព យេនឌ័រនៃអត្រារួមនៃការសិក្សានៅមធ្យមសិក្សាទុតិយភូមិ,KH04,,ISCED11_3,PT,1.44
2008,៤.៥.២ សន្ទស្សន៍យុគភាព យេនឌ័រនៃអត្រារួមនៃការសិក្សានៅមធ្យមសិក្សាទុតិយភូមិ,KH05,,ISCED11_3,PT,0.53
2009,៤.៥.២ សន្ទស្សន៍យុគភាព យេនឌ័រនៃអត្រារួមនៃការសិក្សានៅមធ្យមសិក្សាទុតិយភូមិ,KH05,,ISCED11_3,PT,0.69
2010,៤.៥.២ សន្ទស្សន៍យុគភាព យេនឌ័រនៃអត្រារួមនៃការសិក្សានៅមធ្យមសិក្សាទុតិយភូមិ,KH05,,ISCED11_3,PT,0.66
2011,៤.៥.២ សន្ទស្សន៍យុគភាព យេនឌ័រនៃអត្រារួមនៃការសិក្សានៅមធ្យមសិក្សាទុតិយភូមិ,KH05,,ISCED11_3,PT,0.73
2012,៤.៥.២ សន្ទស្សន៍យុគភាព យេនឌ័រនៃអត្រារួមនៃការសិក្សានៅមធ្យមសិក្សាទុតិយភូមិ,KH05,,ISCED11_3,PT,0.81
2013,៤.៥.២ សន្ទស្សន៍យុគភាព យេនឌ័រនៃអត្រារួមនៃការសិក្សានៅមធ្យមសិក្សាទុតិយភូមិ,KH05,,ISCED11_3,PT,0.82
2014,៤.៥.២ សន្ទស្សន៍យុគភាព យេនឌ័រនៃអត្រារួមនៃការសិក្សានៅមធ្យមសិក្សាទុតិយភូមិ,KH05,,ISCED11_3,PT,0.9
2015,៤.៥.២ សន្ទស្សន៍យុគភាព យេនឌ័រនៃអត្រារួមនៃការសិក្សានៅមធ្យមសិក្សាទុតិយភូមិ,KH05,,ISCED11_3,PT,0.96
2016,៤.៥.២ សន្ទស្សន៍យុគភាព យេនឌ័រនៃអត្រារួមនៃការសិក្សានៅមធ្យមសិក្សាទុតិយភូមិ,KH05,,ISCED11_3,PT,1.04
2017,៤.៥.២ សន្ទស្សន៍យុគភាព យេនឌ័រនៃអត្រារួមនៃការសិក្សានៅមធ្យមសិក្សាទុតិយភូមិ,KH05,,ISCED11_3,PT,1.12
2018,៤.៥.២ សន្ទស្សន៍យុគភាព យេនឌ័រនៃអត្រារួមនៃការសិក្សានៅមធ្យមសិក្សាទុតិយភូមិ,KH05,,ISCED11_3,PT,1.18
2019,៤.៥.២ សន្ទស្សន៍យុគភាព យេនឌ័រនៃអត្រារួមនៃការសិក្សានៅមធ្យមសិក្សាទុតិយភូមិ,KH05,,ISCED11_3,PT,1.29
2008,៤.៥.២ សន្ទស្សន៍យុគភាព យេនឌ័រនៃអត្រារួមនៃការសិក្សានៅមធ្យមសិក្សាទុតិយភូមិ,KH06,,ISCED11_3,PT,0.83
2009,៤.៥.២ សន្ទស្សន៍យុគភាព យេនឌ័រនៃអត្រារួមនៃការសិក្សានៅមធ្យមសិក្សាទុតិយភូមិ,KH06,,ISCED11_3,PT,0.91
2010,៤.៥.២ សន្ទស្សន៍យុគភាព យេនឌ័រនៃអត្រារួមនៃការសិក្សានៅមធ្យមសិក្សាទុតិយភូមិ,KH06,,ISCED11_3,PT,0.91
2011,៤.៥.២ សន្ទស្សន៍យុគភាព យេនឌ័រនៃអត្រារួមនៃការសិក្សានៅមធ្យមសិក្សាទុតិយភូមិ,KH06,,ISCED11_3,PT,0.95
2012,៤.៥.២ សន្ទស្សន៍យុគភាព យេនឌ័រនៃអត្រារួមនៃការសិក្សានៅមធ្យមសិក្សាទុតិយភូមិ,KH06,,ISCED11_3,PT,1.03
2013,៤.៥.២ សន្ទស្សន៍យុគភាព យេនឌ័រនៃអត្រារួមនៃការសិក្សានៅមធ្យមសិក្សាទុតិយភូមិ,KH06,,ISCED11_3,PT,1.06
2014,៤.៥.២ សន្ទស្សន៍យុគភាព យេនឌ័រនៃអត្រារួមនៃការសិក្សានៅមធ្យមសិក្សាទុតិយភូមិ,KH06,,ISCED11_3,PT,1.1
2015,៤.៥.២ សន្ទស្សន៍យុគភាព យេនឌ័រនៃអត្រារួមនៃការសិក្សានៅមធ្យមសិក្សាទុតិយភូមិ,KH06,,ISCED11_3,PT,1.2
2016,៤.៥.២ សន្ទស្សន៍យុគភាព យេនឌ័រនៃអត្រារួមនៃការសិក្សានៅមធ្យមសិក្សាទុតិយភូមិ,KH06,,ISCED11_3,PT,1.3
2017,៤.៥.២ សន្ទស្សន៍យុគភាព យេនឌ័រនៃអត្រារួមនៃការសិក្សានៅមធ្យមសិក្សាទុតិយភូមិ,KH06,,ISCED11_3,PT,1.38
2018,៤.៥.២ សន្ទស្សន៍យុគភាព យេនឌ័រនៃអត្រារួមនៃការសិក្សានៅមធ្យមសិក្សាទុតិយភូមិ,KH06,,ISCED11_3,PT,1.41
2019,៤.៥.២ សន្ទស្សន៍យុគភាព យេនឌ័រនៃអត្រារួមនៃការសិក្សានៅមធ្យមសិក្សាទុតិយភូមិ,KH06,,ISCED11_3,PT,1.47
2008,៤.៥.២ សន្ទស្សន៍យុគភាព យេនឌ័រនៃអត្រារួមនៃការសិក្សានៅមធ្យមសិក្សាទុតិយភូមិ,KH07,,ISCED11_3,PT,0.82
2009,៤.៥.២ សន្ទស្សន៍យុគភាព យេនឌ័រនៃអត្រារួមនៃការសិក្សានៅមធ្យមសិក្សាទុតិយភូមិ,KH07,,ISCED11_3,PT,0.86
2010,៤.៥.២ សន្ទស្សន៍យុគភាព យេនឌ័រនៃអត្រារួមនៃការសិក្សានៅមធ្យមសិក្សាទុតិយភូមិ,KH07,,ISCED11_3,PT,0.99
2011,៤.៥.២ សន្ទស្សន៍យុគភាព យេនឌ័រនៃអត្រារួមនៃការសិក្សានៅមធ្យមសិក្សាទុតិយភូមិ,KH07,,ISCED11_3,PT,0.9
2012,៤.៥.២ សន្ទស្សន៍យុគភាព យេនឌ័រនៃអត្រារួមនៃការសិក្សានៅមធ្យមសិក្សាទុតិយភូមិ,KH07,,ISCED11_3,PT,0.94
2013,៤.៥.២ សន្ទស្សន៍យុគភាព យេនឌ័រនៃអត្រារួមនៃការសិក្សានៅមធ្យមសិក្សាទុតិយភូមិ,KH07,,ISCED11_3,PT,0.96
2014,៤.៥.២ សន្ទស្សន៍យុគភាព យេនឌ័រនៃអត្រារួមនៃការសិក្សានៅមធ្យមសិក្សាទុតិយភូមិ,KH07,,ISCED11_3,PT,1.0
2015,៤.៥.២ សន្ទស្សន៍យុគភាព យេនឌ័រនៃអត្រារួមនៃការសិក្សានៅមធ្យមសិក្សាទុតិយភូមិ,KH07,,ISCED11_3,PT,1.05
2016,៤.៥.២ សន្ទស្សន៍យុគភាព យេនឌ័រនៃអត្រារួមនៃការសិក្សានៅមធ្យមសិក្សាទុតិយភូមិ,KH07,,ISCED11_3,PT,1.1
2017,៤.៥.២ សន្ទស្សន៍យុគភាព យេនឌ័រនៃអត្រារួមនៃការសិក្សានៅមធ្យមសិក្សាទុតិយភូមិ,KH07,,ISCED11_3,PT,1.14
2018,៤.៥.២ សន្ទស្សន៍យុគភាព យេនឌ័រនៃអត្រារួមនៃការសិក្សានៅមធ្យមសិក្សាទុតិយភូមិ,KH07,,ISCED11_3,PT,1.17
2019,៤.៥.២ សន្ទស្សន៍យុគភាព យេនឌ័រនៃអត្រារួមនៃការសិក្សានៅមធ្យមសិក្សាទុតិយភូមិ,KH07,,ISCED11_3,PT,1.24
2008,៤.៥.២ សន្ទស្សន៍យុគភាព យេនឌ័រនៃអត្រារួមនៃការសិក្សានៅមធ្យមសិក្សាទុតិយភូមិ,KH08,,ISCED11_3,PT,0.77
2009,៤.៥.២ សន្ទស្សន៍យុគភាព យេនឌ័រនៃអត្រារួមនៃការសិក្សានៅមធ្យមសិក្សាទុតិយភូមិ,KH08,,ISCED11_3,PT,0.83
2010,៤.៥.២ សន្ទស្សន៍យុគភាព យេនឌ័រនៃអត្រារួមនៃការសិក្សានៅមធ្យមសិក្សាទុតិយភូមិ,KH08,,ISCED11_3,PT,0.87
2011,៤.៥.២ សន្ទស្សន៍យុគភាព យេនឌ័រនៃអត្រារួមនៃការសិក្សានៅមធ្យមសិក្សាទុតិយភូមិ,KH08,,ISCED11_3,PT,0.92
2012,៤.៥.២ សន្ទស្សន៍យុគភាព យេនឌ័រនៃអត្រារួមនៃការសិក្សានៅមធ្យមសិក្សាទុតិយភូមិ,KH08,,ISCED11_3,PT,0.93
2013,៤.៥.២ សន្ទស្សន៍យុគភាព យេនឌ័រនៃអត្រារួមនៃការសិក្សានៅមធ្យមសិក្សាទុតិយភូមិ,KH08,,ISCED11_3,PT,0.99
2014,៤.៥.២ សន្ទស្សន៍យុគភាព យេនឌ័រនៃអត្រារួមនៃការសិក្សានៅមធ្យមសិក្សាទុតិយភូមិ,KH08,,ISCED11_3,PT,1.0
2015,៤.៥.២ សន្ទស្សន៍យុគភាព យេនឌ័រនៃអត្រារួមនៃការសិក្សានៅមធ្យមសិក្សាទុតិយភូមិ,KH08,,ISCED11_3,PT,1.1
2016,៤.៥.២ សន្ទស្សន៍យុគភាព យេនឌ័រនៃអត្រារួមនៃការសិក្សានៅមធ្យមសិក្សាទុតិយភូមិ,KH08,,ISCED11_3,PT,1.18
2017,៤.៥.២ សន្ទស្សន៍យុគភាព យេនឌ័រនៃអត្រារួមនៃការសិក្សានៅមធ្យមសិក្សាទុតិយភូមិ,KH08,,ISCED11_3,PT,1.27
2018,៤.៥.២ សន្ទស្សន៍យុគភាព យេនឌ័រនៃអត្រារួមនៃការសិក្សានៅមធ្យមសិក្សាទុតិយភូមិ,KH08,,ISCED11_3,PT,1.36
2019,៤.៥.២ សន្ទស្សន៍យុគភាព យេនឌ័រនៃអត្រារួមនៃការសិក្សានៅមធ្យមសិក្សាទុតិយភូមិ,KH08,,ISCED11_3,PT,1.39
2008,៤.៥.២ សន្ទស្សន៍យុគភាព យេនឌ័រនៃអត្រារួមនៃការសិក្សានៅមធ្យមសិក្សាទុតិយភូមិ,KH23,,ISCED11_3,PT,0.82
2009,៤.៥.២ សន្ទស្សន៍យុគភាព យេនឌ័រនៃអត្រារួមនៃការសិក្សានៅមធ្យមសិក្សាទុតិយភូមិ,KH23,,ISCED11_3,PT,0.94
2010,៤.៥.២ សន្ទស្សន៍យុគភាព យេនឌ័រនៃអត្រារួមនៃការសិក្សានៅមធ្យមសិក្សាទុតិយភូមិ,KH23,,ISCED11_3,PT,1.02
2011,៤.៥.២ សន្ទស្សន៍យុគភាព យេនឌ័រនៃអត្រារួមនៃការសិក្សានៅមធ្យមសិក្សាទុតិយភូមិ,KH23,,ISCED11_3,PT,1.05
2012,៤.៥.២ សន្ទស្សន៍យុគភាព យេនឌ័រនៃអត្រារួមនៃការសិក្សានៅមធ្យមសិក្សាទុតិយភូមិ,KH23,,ISCED11_3,PT,1.06
2013,៤.៥.២ សន្ទស្សន៍យុគភាព យេនឌ័រនៃអត្រារួមនៃការសិក្សានៅមធ្យមសិក្សាទុតិយភូមិ,KH23,,ISCED11_3,PT,1.23
2014,៤.៥.២ សន្ទស្សន៍យុគភាព យេនឌ័រនៃអត្រារួមនៃការសិក្សានៅមធ្យមសិក្សាទុតិយភូមិ,KH23,,ISCED11_3,PT,1.3
2015,៤.៥.២ សន្ទស្សន៍យុគភាព យេនឌ័រនៃអត្រារួមនៃការសិក្សានៅមធ្យមសិក្សាទុតិយភូមិ,KH23,,ISCED11_3,PT,1.22
2016,៤.៥.២ សន្ទស្សន៍យុគភាព យេនឌ័រនៃអត្រារួមនៃការសិក្សានៅមធ្យមសិក្សាទុតិយភូមិ,KH23,,ISCED11_3,PT,1.28
2017,៤.៥.២ សន្ទស្សន៍យុគភាព យេនឌ័រនៃអត្រារួមនៃការសិក្សានៅមធ្យមសិក្សាទុតិយភូមិ,KH23,,ISCED11_3,PT,1.24
2018,៤.៥.២ សន្ទស្សន៍យុគភាព យេនឌ័រនៃអត្រារួមនៃការសិក្សានៅមធ្យមសិក្សាទុតិយភូមិ,KH23,,ISCED11_3,PT,1.28
2019,៤.៥.២ សន្ទស្សន៍យុគភាព យេនឌ័រនៃអត្រារួមនៃការសិក្សានៅមធ្យមសិក្សាទុតិយភូមិ,KH23,,ISCED11_3,PT,1.21
2008,៤.៥.២ សន្ទស្សន៍យុគភាព យេនឌ័រនៃអត្រារួមនៃការសិក្សានៅមធ្យមសិក្សាទុតិយភូមិ,KH09,,ISCED11_3,PT,0.73
2009,៤.៥.២ សន្ទស្សន៍យុគភាព យេនឌ័រនៃអត្រារួមនៃការសិក្សានៅមធ្យមសិក្សាទុតិយភូមិ,KH09,,ISCED11_3,PT,0.71
2010,៤.៥.២ សន្ទស្សន៍យុគភាព យេនឌ័រនៃអត្រារួមនៃការសិក្សានៅមធ្យមសិក្សាទុតិយភូមិ,KH09,,ISCED11_3,PT,0.82
2011,៤.៥.២ សន្ទស្សន៍យុគភាព យេនឌ័រនៃអត្រារួមនៃការសិក្សានៅមធ្យមសិក្សាទុតិយភូមិ,KH09,,ISCED11_3,PT,0.87
2012,៤.៥.២ សន្ទស្សន៍យុគភាព យេនឌ័រនៃអត្រារួមនៃការសិក្សានៅមធ្យមសិក្សាទុតិយភូមិ,KH09,,ISCED11_3,PT,0.93
2013,៤.៥.២ សន្ទស្សន៍យុគភាព យេនឌ័រនៃអត្រារួមនៃការសិក្សានៅមធ្យមសិក្សាទុតិយភូមិ,KH09,,ISCED11_3,PT,0.95
2014,៤.៥.២ សន្ទស្សន៍យុគភាព យេនឌ័រនៃអត្រារួមនៃការសិក្សានៅមធ្យមសិក្សាទុតិយភូមិ,KH09,,ISCED11_3,PT,1.0
2015,៤.៥.២ សន្ទស្សន៍យុគភាព យេនឌ័រនៃអត្រារួមនៃការសិក្សានៅមធ្យមសិក្សាទុតិយភូមិ,KH09,,ISCED11_3,PT,0.97
2016,៤.៥.២ សន្ទស្សន៍យុគភាព យេនឌ័រនៃអត្រារួមនៃការសិក្សានៅមធ្យមសិក្សាទុតិយភូមិ,KH09,,ISCED11_3,PT,0.95
2017,៤.៥.២ សន្ទស្សន៍យុគភាព យេនឌ័រនៃអត្រារួមនៃការសិក្សានៅមធ្យមសិក្សាទុតិយភូមិ,KH09,,ISCED11_3,PT,0.94
2018,៤.៥.២ សន្ទស្សន៍យុគភាព យេនឌ័រនៃអត្រារួមនៃការសិក្សានៅមធ្យមសិក្សាទុតិយភូមិ,KH09,,ISCED11_3,PT,0.93
2019,៤.៥.២ សន្ទស្សន៍យុគភាព យេនឌ័រនៃអត្រារួមនៃការសិក្សានៅមធ្យមសិក្សាទុតិយភូមិ,KH09,,ISCED11_3,PT,1.05
2008,៤.៥.២ សន្ទស្សន៍យុគភាព យេនឌ័រនៃអត្រារួមនៃការសិក្សានៅមធ្យមសិក្សាទុតិយភូមិ,KH10,,ISCED11_3,PT,0.88
2009,៤.៥.២ សន្ទស្សន៍យុគភាព យេនឌ័រនៃអត្រារួមនៃការសិក្សានៅមធ្យមសិក្សាទុតិយភូមិ,KH10,,ISCED11_3,PT,0.96
2010,៤.៥.២ សន្ទស្សន៍យុគភាព យេនឌ័រនៃអត្រារួមនៃការសិក្សានៅមធ្យមសិក្សាទុតិយភូមិ,KH10,,ISCED11_3,PT,0.98
2011,៤.៥.២ សន្ទស្សន៍យុគភាព យេនឌ័រនៃអត្រារួមនៃការសិក្សានៅមធ្យមសិក្សាទុតិយភូមិ,KH10,,ISCED11_3,PT,1.02
2012,៤.៥.២ សន្ទស្សន៍យុគភាព យេនឌ័រនៃអត្រារួមនៃការសិក្សានៅមធ្យមសិក្សាទុតិយភូមិ,KH10,,ISCED11_3,PT,1.08
2013,៤.៥.២ សន្ទស្សន៍យុគភាព យេនឌ័រនៃអត្រារួមនៃការសិក្សានៅមធ្យមសិក្សាទុតិយភូមិ,KH10,,ISCED11_3,PT,1.12
2014,៤.៥.២ សន្ទស្សន៍យុគភាព យេនឌ័រនៃអត្រារួមនៃការសិក្សានៅមធ្យមសិក្សាទុតិយភូមិ,KH10,,ISCED11_3,PT,1.1
2015,៤.៥.២ សន្ទស្សន៍យុគភាព យេនឌ័រនៃអត្រារួមនៃការសិក្សានៅមធ្យមសិក្សាទុតិយភូមិ,KH10,,ISCED11_3,PT,1.19
2016,៤.៥.២ សន្ទស្សន៍យុគភាព យេនឌ័រនៃអត្រារួមនៃការសិក្សានៅមធ្យមសិក្សាទុតិយភូមិ,KH10,,ISCED11_3,PT,1.18
2017,៤.៥.២ សន្ទស្សន៍យុគភាព យេនឌ័រនៃអត្រារួមនៃការសិក្សានៅមធ្យមសិក្សាទុតិយភូមិ,KH10,,ISCED11_3,PT,1.2
2018,៤.៥.២ សន្ទស្សន៍យុគភាព យេនឌ័រនៃអត្រារួមនៃការសិក្សានៅមធ្យមសិក្សាទុតិយភូមិ,KH10,,ISCED11_3,PT,1.27
2019,៤.៥.២ សន្ទស្សន៍យុគភាព យេនឌ័រនៃអត្រារួមនៃការសិក្សានៅមធ្យមសិក្សាទុតិយភូមិ,KH10,,ISCED11_3,PT,1.34
2008,៤.៥.២ សន្ទស្សន៍យុគភាព យេនឌ័រនៃអត្រារួមនៃការសិក្សានៅមធ្យមសិក្សាទុតិយភូមិ,KH11,,ISCED11_3,PT,0.78
2009,៤.៥.២ សន្ទស្សន៍យុគភាព យេនឌ័រនៃអត្រារួមនៃការសិក្សានៅមធ្យមសិក្សាទុតិយភូមិ,KH11,,ISCED11_3,PT,0.71
2010,៤.៥.២ សន្ទស្សន៍យុគភាព យេនឌ័រនៃអត្រារួមនៃការសិក្សានៅមធ្យមសិក្សាទុតិយភូមិ,KH11,,ISCED11_3,PT,0.71
2011,៤.៥.២ សន្ទស្សន៍យុគភាព យេនឌ័រនៃអត្រារួមនៃការសិក្សានៅមធ្យមសិក្សាទុតិយភូមិ,KH11,,ISCED11_3,PT,0.74
2012,៤.៥.២ សន្ទស្សន៍យុគភាព យេនឌ័រនៃអត្រារួមនៃការសិក្សានៅមធ្យមសិក្សាទុតិយភូមិ,KH11,,ISCED11_3,PT,0.77
2013,៤.៥.២ សន្ទស្សន៍យុគភាព យេនឌ័រនៃអត្រារួមនៃការសិក្សានៅមធ្យមសិក្សាទុតិយភូមិ,KH11,,ISCED11_3,PT,0.8
2014,៤.៥.២ សន្ទស្សន៍យុគភាព យេនឌ័រនៃអត្រារួមនៃការសិក្សានៅមធ្យមសិក្សាទុតិយភូមិ,KH11,,ISCED11_3,PT,0.9
2015,៤.៥.២ សន្ទស្សន៍យុគភាព យេនឌ័រនៃអត្រារួមនៃការសិក្សានៅមធ្យមសិក្សាទុតិយភូមិ,KH11,,ISCED11_3,PT,0.98
2016,៤.៥.២ សន្ទស្សន៍យុគភាព យេនឌ័រនៃអត្រារួមនៃការសិក្សានៅមធ្យមសិក្សាទុតិយភូមិ,KH11,,ISCED11_3,PT,1.11
2017,៤.៥.២ សន្ទស្សន៍យុគភាព យេនឌ័រនៃអត្រារួមនៃការសិក្សានៅមធ្យមសិក្សាទុតិយភូមិ,KH11,,ISCED11_3,PT,1.19
2018,៤.៥.២ សន្ទស្សន៍យុគភាព យេនឌ័រនៃអត្រារួមនៃការសិក្សានៅមធ្យមសិក្សាទុតិយភូមិ,KH11,,ISCED11_3,PT,1.22
2019,៤.៥.២ សន្ទស្សន៍យុគភាព យេនឌ័រនៃអត្រារួមនៃការសិក្សានៅមធ្យមសិក្សាទុតិយភូមិ,KH11,,ISCED11_3,PT,1.27
2008,៤.៥.២ សន្ទស្សន៍យុគភាព យេនឌ័រនៃអត្រារួមនៃការសិក្សានៅមធ្យមសិក្សាទុតិយភូមិ,KH22,,ISCED11_3,PT,0.56
2009,៤.៥.២ សន្ទស្សន៍យុគភាព យេនឌ័រនៃអត្រារួមនៃការសិក្សានៅមធ្យមសិក្សាទុតិយភូមិ,KH22,,ISCED11_3,PT,0.7
2010,៤.៥.២ សន្ទស្សន៍យុគភាព យេនឌ័រនៃអត្រារួមនៃការសិក្សានៅមធ្យមសិក្សាទុតិយភូមិ,KH22,,ISCED11_3,PT,0.85
2011,៤.៥.២ សន្ទស្សន៍យុគភាព យេនឌ័រនៃអត្រារួមនៃការសិក្សានៅមធ្យមសិក្សាទុតិយភូមិ,KH22,,ISCED11_3,PT,0.84
2012,៤.៥.២ សន្ទស្សន៍យុគភាព យេនឌ័រនៃអត្រារួមនៃការសិក្សានៅមធ្យមសិក្សាទុតិយភូមិ,KH22,,ISCED11_3,PT,0.88
2013,៤.៥.២ សន្ទស្សន៍យុគភាព យេនឌ័រនៃអត្រារួមនៃការសិក្សានៅមធ្យមសិក្សាទុតិយភូមិ,KH22,,ISCED11_3,PT,0.86
2014,៤.៥.២ សន្ទស្សន៍យុគភាព យេនឌ័រនៃអត្រារួមនៃការសិក្សានៅមធ្យមសិក្សាទុតិយភូមិ,KH22,,ISCED11_3,PT,1.0
2015,៤.៥.២ សន្ទស្សន៍យុគភាព យេនឌ័រនៃអត្រារួមនៃការសិក្សានៅមធ្យមសិក្សាទុតិយភូមិ,KH22,,ISCED11_3,PT,1.07
2016,៤.៥.២ សន្ទស្សន៍យុគភាព យេនឌ័រនៃអត្រារួមនៃការសិក្សានៅមធ្យមសិក្សាទុតិយភូមិ,KH22,,ISCED11_3,PT,1.09
2017,៤.៥.២ សន្ទស្សន៍យុគភាព យេនឌ័រនៃអត្រារួមនៃការសិក្សានៅមធ្យមសិក្សាទុតិយភូមិ,KH22,,ISCED11_3,PT,1.1
2018,៤.៥.២ សន្ទស្សន៍យុគភាព យេនឌ័រនៃអត្រារួមនៃការសិក្សានៅមធ្យមសិក្សាទុតិយភូមិ,KH22,,ISCED11_3,PT,1.13
2019,៤.៥.២ សន្ទស្សន៍យុគភាព យេនឌ័រនៃអត្រារួមនៃការសិក្សានៅមធ្យមសិក្សាទុតិយភូមិ,KH22,,ISCED11_3,PT,1.21
2008,៤.៥.២ សន្ទស្សន៍យុគភាព យេនឌ័រនៃអត្រារួមនៃការសិក្សានៅមធ្យមសិក្សាទុតិយភូមិ,KH24,,ISCED11_3,PT,0.72
2009,៤.៥.២ សន្ទស្សន៍យុគភាព យេនឌ័រនៃអត្រារួមនៃការសិក្សានៅមធ្យមសិក្សាទុតិយភូមិ,KH24,,ISCED11_3,PT,0.76
2010,៤.៥.២ សន្ទស្សន៍យុគភាព យេនឌ័រនៃអត្រារួមនៃការសិក្សានៅមធ្យមសិក្សាទុតិយភូមិ,KH24,,ISCED11_3,PT,0.89
2011,៤.៥.២ សន្ទស្សន៍យុគភាព យេនឌ័រនៃអត្រារួមនៃការសិក្សានៅមធ្យមសិក្សាទុតិយភូមិ,KH24,,ISCED11_3,PT,0.9
2012,៤.៥.២ សន្ទស្សន៍យុគភាព យេនឌ័រនៃអត្រារួមនៃការសិក្សានៅមធ្យមសិក្សាទុតិយភូមិ,KH24,,ISCED11_3,PT,0.95
2013,៤.៥.២ សន្ទស្សន៍យុគភាព យេនឌ័រនៃអត្រារួមនៃការសិក្សានៅមធ្យមសិក្សាទុតិយភូមិ,KH24,,ISCED11_3,PT,0.98
2014,៤.៥.២ សន្ទស្សន៍យុគភាព យេនឌ័រនៃអត្រារួមនៃការសិក្សានៅមធ្យមសិក្សាទុតិយភូមិ,KH24,,ISCED11_3,PT,1.1
2015,៤.៥.២ សន្ទស្សន៍យុគភាព យេនឌ័រនៃអត្រារួមនៃការសិក្សានៅមធ្យមសិក្សាទុតិយភូមិ,KH24,,ISCED11_3,PT,1.04
2016,៤.៥.២ សន្ទស្សន៍យុគភាព យេនឌ័រនៃអត្រារួមនៃការសិក្សានៅមធ្យមសិក្សាទុតិយភូមិ,KH24,,ISCED11_3,PT,1.05
2017,៤.៥.២ សន្ទស្សន៍យុគភាព យេនឌ័រនៃអត្រារួមនៃការសិក្សានៅមធ្យមសិក្សាទុតិយភូមិ,KH24,,ISCED11_3,PT,1.16
2018,៤.៥.២ សន្ទស្សន៍យុគភាព យេនឌ័រនៃអត្រារួមនៃការសិក្សានៅមធ្យមសិក្សាទុតិយភូមិ,KH24,,ISCED11_3,PT,1.24
2019,៤.៥.២ សន្ទស្សន៍យុគភាព យេនឌ័រនៃអត្រារួមនៃការសិក្សានៅមធ្យមសិក្សាទុតិយភូមិ,KH24,,ISCED11_3,PT,1.29
2008,៤.៥.២ សន្ទស្សន៍យុគភាព យេនឌ័រនៃអត្រារួមនៃការសិក្សានៅមធ្យមសិក្សាទុតិយភូមិ,KH12,,ISCED11_3,PT,0.76
2009,៤.៥.២ សន្ទស្សន៍យុគភាព យេនឌ័រនៃអត្រារួមនៃការសិក្សានៅមធ្យមសិក្សាទុតិយភូមិ,KH12,,ISCED11_3,PT,0.7
2010,៤.៥.២ សន្ទស្សន៍យុគភាព យេនឌ័រនៃអត្រារួមនៃការសិក្សានៅមធ្យមសិក្សាទុតិយភូមិ,KH12,,ISCED11_3,PT,0.79
2011,៤.៥.២ សន្ទស្សន៍យុគភាព យេនឌ័រនៃអត្រារួមនៃការសិក្សានៅមធ្យមសិក្សាទុតិយភូមិ,KH12,,ISCED11_3,PT,0.78
2012,៤.៥.២ សន្ទស្សន៍យុគភាព យេនឌ័រនៃអត្រារួមនៃការសិក្សានៅមធ្យមសិក្សាទុតិយភូមិ,KH12,,ISCED11_3,PT,0.78
2013,៤.៥.២ សន្ទស្សន៍យុគភាព យេនឌ័រនៃអត្រារួមនៃការសិក្សានៅមធ្យមសិក្សាទុតិយភូមិ,KH12,,ISCED11_3,PT,0.83
2014,៤.៥.២ សន្ទស្សន៍យុគភាព យេនឌ័រនៃអត្រារួមនៃការសិក្សានៅមធ្យមសិក្សាទុតិយភូមិ,KH12,,ISCED11_3,PT,0.9
2015,៤.៥.២ សន្ទស្សន៍យុគភាព យេនឌ័រនៃអត្រារួមនៃការសិក្សានៅមធ្យមសិក្សាទុតិយភូមិ,KH12,,ISCED11_3,PT,0.86
2016,៤.៥.២ សន្ទស្សន៍យុគភាព យេនឌ័រនៃអត្រារួមនៃការសិក្សានៅមធ្យមសិក្សាទុតិយភូមិ,KH12,,ISCED11_3,PT,0.89
2017,៤.៥.២ សន្ទស្សន៍យុគភាព យេនឌ័រនៃអត្រារួមនៃការសិក្សានៅមធ្យមសិក្សាទុតិយភូមិ,KH12,,ISCED11_3,PT,0.87
2018,៤.៥.២ សន្ទស្សន៍យុគភាព យេនឌ័រនៃអត្រារួមនៃការសិក្សានៅមធ្យមសិក្សាទុតិយភូមិ,KH12,,ISCED11_3,PT,0.9
2019,៤.៥.២ សន្ទស្សន៍យុគភាព យេនឌ័រនៃអត្រារួមនៃការសិក្សានៅមធ្យមសិក្សាទុតិយភូមិ,KH12,,ISCED11_3,PT,0.93
2008,៤.៥.២ សន្ទស្សន៍យុគភាព យេនឌ័រនៃអត្រារួមនៃការសិក្សានៅមធ្យមសិក្សាទុតិយភូមិ,KH18,,ISCED11_3,PT,0.73
2009,៤.៥.២ សន្ទស្សន៍យុគភាព យេនឌ័រនៃអត្រារួមនៃការសិក្សានៅមធ្យមសិក្សាទុតិយភូមិ,KH18,,ISCED11_3,PT,0.8
2010,៤.៥.២ សន្ទស្សន៍យុគភាព យេនឌ័រនៃអត្រារួមនៃការសិក្សានៅមធ្យមសិក្សាទុតិយភូមិ,KH18,,ISCED11_3,PT,0.83
2011,៤.៥.២ សន្ទស្សន៍យុគភាព យេនឌ័រនៃអត្រារួមនៃការសិក្សានៅមធ្យមសិក្សាទុតិយភូមិ,KH18,,ISCED11_3,PT,0.8
2012,៤.៥.២ សន្ទស្សន៍យុគភាព យេនឌ័រនៃអត្រារួមនៃការសិក្សានៅមធ្យមសិក្សាទុតិយភូមិ,KH18,,ISCED11_3,PT,0.87
2013,៤.៥.២ សន្ទស្សន៍យុគភាព យេនឌ័រនៃអត្រារួមនៃការសិក្សានៅមធ្យមសិក្សាទុតិយភូមិ,KH18,,ISCED11_3,PT,0.94
2014,៤.៥.២ សន្ទស្សន៍យុគភាព យេនឌ័រនៃអត្រារួមនៃការសិក្សានៅមធ្យមសិក្សាទុតិយភូមិ,KH18,,ISCED11_3,PT,1.0
2015,៤.៥.២ សន្ទស្សន៍យុគភាព យេនឌ័រនៃអត្រារួមនៃការសិក្សានៅមធ្យមសិក្សាទុតិយភូមិ,KH18,,ISCED11_3,PT,1.04
2016,៤.៥.២ សន្ទស្សន៍យុគភាព យេនឌ័រនៃអត្រារួមនៃការសិក្សានៅមធ្យមសិក្សាទុតិយភូមិ,KH18,,ISCED11_3,PT,0.96
2017,៤.៥.២ សន្ទស្សន៍យុគភាព យេនឌ័រនៃអត្រារួមនៃការសិក្សានៅមធ្យមសិក្សាទុតិយភូមិ,KH18,,ISCED11_3,PT,1.04
2018,៤.៥.២ សន្ទស្សន៍យុគភាព យេនឌ័រនៃអត្រារួមនៃការសិក្សានៅមធ្យមសិក្សាទុតិយភូមិ,KH18,,ISCED11_3,PT,1.14
2019,៤.៥.២ សន្ទស្សន៍យុគភាព យេនឌ័រនៃអត្រារួមនៃការសិក្សានៅមធ្យមសិក្សាទុតិយភូមិ,KH18,,ISCED11_3,PT,1.21
2008,៤.៥.២ សន្ទស្សន៍យុគភាព យេនឌ័រនៃអត្រារួមនៃការសិក្សានៅមធ្យមសិក្សាទុតិយភូមិ,KH13,,ISCED11_3,PT,0.62
2009,៤.៥.២ សន្ទស្សន៍យុគភាព យេនឌ័រនៃអត្រារួមនៃការសិក្សានៅមធ្យមសិក្សាទុតិយភូមិ,KH13,,ISCED11_3,PT,0.76
2010,៤.៥.២ សន្ទស្សន៍យុគភាព យេនឌ័រនៃអត្រារួមនៃការសិក្សានៅមធ្យមសិក្សាទុតិយភូមិ,KH13,,ISCED11_3,PT,0.86
2011,៤.៥.២ សន្ទស្សន៍យុគភាព យេនឌ័រនៃអត្រារួមនៃការសិក្សានៅមធ្យមសិក្សាទុតិយភូមិ,KH13,,ISCED11_3,PT,0.85
2012,៤.៥.២ សន្ទស្សន៍យុគភាព យេនឌ័រនៃអត្រារួមនៃការសិក្សានៅមធ្យមសិក្សាទុតិយភូមិ,KH13,,ISCED11_3,PT,0.91
2013,៤.៥.២ សន្ទស្សន៍យុគភាព យេនឌ័រនៃអត្រារួមនៃការសិក្សានៅមធ្យមសិក្សាទុតិយភូមិ,KH13,,ISCED11_3,PT,1.04
2014,៤.៥.២ សន្ទស្សន៍យុគភាព យេនឌ័រនៃអត្រារួមនៃការសិក្សានៅមធ្យមសិក្សាទុតិយភូមិ,KH13,,ISCED11_3,PT,1.0
2015,៤.៥.២ សន្ទស្សន៍យុគភាព យេនឌ័រនៃអត្រារួមនៃការសិក្សានៅមធ្យមសិក្សាទុតិយភូមិ,KH13,,ISCED11_3,PT,1.0
2016,៤.៥.២ សន្ទស្សន៍យុគភាព យេនឌ័រនៃអត្រារួមនៃការសិក្សានៅមធ្យមសិក្សាទុតិយភូមិ,KH13,,ISCED11_3,PT,1.13
2017,៤.៥.២ សន្ទស្សន៍យុគភាព យេនឌ័រនៃអត្រារួមនៃការសិក្សានៅមធ្យមសិក្សាទុតិយភូមិ,KH13,,ISCED11_3,PT,1.14
2018,៤.៥.២ សន្ទស្សន៍យុគភាព យេនឌ័រនៃអត្រារួមនៃការសិក្សានៅមធ្យមសិក្សាទុតិយភូមិ,KH13,,ISCED11_3,PT,1.15
2019,៤.៥.២ សន្ទស្សន៍យុគភាព យេនឌ័រនៃអត្រារួមនៃការសិក្សានៅមធ្យមសិក្សាទុតិយភូមិ,KH13,,ISCED11_3,PT,1.25
2008,៤.៥.២ សន្ទស្សន៍យុគភាព យេនឌ័រនៃអត្រារួមនៃការសិក្សានៅមធ្យមសិក្សាទុតិយភូមិ,KH14,,ISCED11_3,PT,0.77
2009,៤.៥.២ សន្ទស្សន៍យុគភាព យេនឌ័រនៃអត្រារួមនៃការសិក្សានៅមធ្យមសិក្សាទុតិយភូមិ,KH14,,ISCED11_3,PT,0.88
2010,៤.៥.២ សន្ទស្សន៍យុគភាព យេនឌ័រនៃអត្រារួមនៃការសិក្សានៅមធ្យមសិក្សាទុតិយភូមិ,KH14,,ISCED11_3,PT,0.75
2011,៤.៥.២ សន្ទស្សន៍យុគភាព យេនឌ័រនៃអត្រារួមនៃការសិក្សានៅមធ្យមសិក្សាទុតិយភូមិ,KH14,,ISCED11_3,PT,0.82
2012,៤.៥.២ សន្ទស្សន៍យុគភាព យេនឌ័រនៃអត្រារួមនៃការសិក្សានៅមធ្យមសិក្សាទុតិយភូមិ,KH14,,ISCED11_3,PT,0.87
2013,៤.៥.២ សន្ទស្សន៍យុគភាព យេនឌ័រនៃអត្រារួមនៃការសិក្សានៅមធ្យមសិក្សាទុតិយភូមិ,KH14,,ISCED11_3,PT,0.88
2014,៤.៥.២ សន្ទស្សន៍យុគភាព យេនឌ័រនៃអត្រារួមនៃការសិក្សានៅមធ្យមសិក្សាទុតិយភូមិ,KH14,,ISCED11_3,PT,1.0
2015,៤.៥.២ សន្ទស្សន៍យុគភាព យេនឌ័រនៃអត្រារួមនៃការសិក្សានៅមធ្យមសិក្សាទុតិយភូមិ,KH14,,ISCED11_3,PT,1.02
2016,៤.៥.២ សន្ទស្សន៍យុគភាព យេនឌ័រនៃអត្រារួមនៃការសិក្សានៅមធ្យមសិក្សាទុតិយភូមិ,KH14,,ISCED11_3,PT,1.13
2017,៤.៥.២ សន្ទស្សន៍យុគភាព យេនឌ័រនៃអត្រារួមនៃការសិក្សានៅមធ្យមសិក្សាទុតិយភូមិ,KH14,,ISCED11_3,PT,1.22
2018,៤.៥.២ សន្ទស្សន៍យុគភាព យេនឌ័រនៃអត្រារួមនៃការសិក្សានៅមធ្យមសិក្សាទុតិយភូមិ,KH14,,ISCED11_3,PT,1.31
2019,៤.៥.២ សន្ទស្សន៍យុគភាព យេនឌ័រនៃអត្រារួមនៃការសិក្សានៅមធ្យមសិក្សាទុតិយភូមិ,KH14,,ISCED11_3,PT,1.38
2008,៤.៥.២ សន្ទស្សន៍យុគភាព យេនឌ័រនៃអត្រារួមនៃការសិក្សានៅមធ្យមសិក្សាទុតិយភូមិ,KH15,,ISCED11_3,PT,0.65
2009,៤.៥.២ សន្ទស្សន៍យុគភាព យេនឌ័រនៃអត្រារួមនៃការសិក្សានៅមធ្យមសិក្សាទុតិយភូមិ,KH15,,ISCED11_3,PT,0.64
2010,៤.៥.២ សន្ទស្សន៍យុគភាព យេនឌ័រនៃអត្រារួមនៃការសិក្សានៅមធ្យមសិក្សាទុតិយភូមិ,KH15,,ISCED11_3,PT,0.87
2011,៤.៥.២ សន្ទស្សន៍យុគភាព យេនឌ័រនៃអត្រារួមនៃការសិក្សានៅមធ្យមសិក្សាទុតិយភូមិ,KH15,,ISCED11_3,PT,1.01
2012,៤.៥.២ សន្ទស្សន៍យុគភាព យេនឌ័រនៃអត្រារួមនៃការសិក្សានៅមធ្យមសិក្សាទុតិយភូមិ,KH15,,ISCED11_3,PT,1.04
2013,៤.៥.២ សន្ទស្សន៍យុគភាព យេនឌ័រនៃអត្រារួមនៃការសិក្សានៅមធ្យមសិក្សាទុតិយភូមិ,KH15,,ISCED11_3,PT,1.09
2014,៤.៥.២ សន្ទស្សន៍យុគភាព យេនឌ័រនៃអត្រារួមនៃការសិក្សានៅមធ្យមសិក្សាទុតិយភូមិ,KH15,,ISCED11_3,PT,1.1
2015,៤.៥.២ សន្ទស្សន៍យុគភាព យេនឌ័រនៃអត្រារួមនៃការសិក្សានៅមធ្យមសិក្សាទុតិយភូមិ,KH15,,ISCED11_3,PT,1.12
2016,៤.៥.២ សន្ទស្សន៍យុគភាព យេនឌ័រនៃអត្រារួមនៃការសិក្សានៅមធ្យមសិក្សាទុតិយភូមិ,KH15,,ISCED11_3,PT,1.16
2017,៤.៥.២ សន្ទស្សន៍យុគភាព យេនឌ័រនៃអត្រារួមនៃការសិក្សានៅមធ្យមសិក្សាទុតិយភូមិ,KH15,,ISCED11_3,PT,1.15
2018,៤.៥.២ សន្ទស្សន៍យុគភាព យេនឌ័រនៃអត្រារួមនៃការសិក្សានៅមធ្យមសិក្សាទុតិយភូមិ,KH15,,ISCED11_3,PT,1.24
2019,៤.៥.២ សន្ទស្សន៍យុគភាព យេនឌ័រនៃអត្រារួមនៃការសិក្សានៅមធ្យមសិក្សាទុតិយភូមិ,KH15,,ISCED11_3,PT,1.31
2008,៤.៥.២ សន្ទស្សន៍យុគភាព យេនឌ័រនៃអត្រារួមនៃការសិក្សានៅមធ្យមសិក្សាទុតិយភូមិ,KH16,,ISCED11_3,PT,0.85
2009,៤.៥.២ សន្ទស្សន៍យុគភាព យេនឌ័រនៃអត្រារួមនៃការសិក្សានៅមធ្យមសិក្សាទុតិយភូមិ,KH16,,ISCED11_3,PT,0.89
2010,៤.៥.២ សន្ទស្សន៍យុគភាព យេនឌ័រនៃអត្រារួមនៃការសិក្សានៅមធ្យមសិក្សាទុតិយភូមិ,KH16,,ISCED11_3,PT,0.58
2011,៤.៥.២ សន្ទស្សន៍យុគភាព យេនឌ័រនៃអត្រារួមនៃការសិក្សានៅមធ្យមសិក្សាទុតិយភូមិ,KH16,,ISCED11_3,PT,0.72
2012,៤.៥.២ សន្ទស្សន៍យុគភាព យេនឌ័រនៃអត្រារួមនៃការសិក្សានៅមធ្យមសិក្សាទុតិយភូមិ,KH16,,ISCED11_3,PT,0.74
2013,៤.៥.២ សន្ទស្សន៍យុគភាព យេនឌ័រនៃអត្រារួមនៃការសិក្សានៅមធ្យមសិក្សាទុតិយភូមិ,KH16,,ISCED11_3,PT,0.81
2014,៤.៥.២ សន្ទស្សន៍យុគភាព យេនឌ័រនៃអត្រារួមនៃការសិក្សានៅមធ្យមសិក្សាទុតិយភូមិ,KH16,,ISCED11_3,PT,0.9
2015,៤.៥.២ សន្ទស្សន៍យុគភាព យេនឌ័រនៃអត្រារួមនៃការសិក្សានៅមធ្យមសិក្សាទុតិយភូមិ,KH16,,ISCED11_3,PT,0.96
2016,៤.៥.២ សន្ទស្សន៍យុគភាព យេនឌ័រនៃអត្រារួមនៃការសិក្សានៅមធ្យមសិក្សាទុតិយភូមិ,KH16,,ISCED11_3,PT,0.98
2017,៤.៥.២ សន្ទស្សន៍យុគភាព យេនឌ័រនៃអត្រារួមនៃការសិក្សានៅមធ្យមសិក្សាទុតិយភូមិ,KH16,,ISCED11_3,PT,0.98
2018,៤.៥.២ សន្ទស្សន៍យុគភាព យេនឌ័រនៃអត្រារួមនៃការសិក្សានៅមធ្យមសិក្សាទុតិយភូមិ,KH16,,ISCED11_3,PT,0.94
2019,៤.៥.២ សន្ទស្សន៍យុគភាព យេនឌ័រនៃអត្រារួមនៃការសិក្សានៅមធ្យមសិក្សាទុតិយភូមិ,KH16,,ISCED11_3,PT,0.97
2008,៤.៥.២ សន្ទស្សន៍យុគភាព យេនឌ័រនៃអត្រារួមនៃការសិក្សានៅមធ្យមសិក្សាទុតិយភូមិ,KH17,,ISCED11_3,PT,0.72
2009,៤.៥.២ សន្ទស្សន៍យុគភាព យេនឌ័រនៃអត្រារួមនៃការសិក្សានៅមធ្យមសិក្សាទុតិយភូមិ,KH17,,ISCED11_3,PT,0.81
2010,៤.៥.២ សន្ទស្សន៍យុគភាព យេនឌ័រនៃអត្រារួមនៃការសិក្សានៅមធ្យមសិក្សាទុតិយភូមិ,KH17,,ISCED11_3,PT,0.89
2011,៤.៥.២ សន្ទស្សន៍យុគភាព យេនឌ័រនៃអត្រារួមនៃការសិក្សានៅមធ្យមសិក្សាទុតិយភូមិ,KH17,,ISCED11_3,PT,1.02
2012,៤.៥.២ សន្ទស្សន៍យុគភាព យេនឌ័រនៃអត្រារួមនៃការសិក្សានៅមធ្យមសិក្សាទុតិយភូមិ,KH17,,ISCED11_3,PT,1.06
2013,៤.៥.២ សន្ទស្សន៍យុគភាព យេនឌ័រនៃអត្រារួមនៃការសិក្សានៅមធ្យមសិក្សាទុតិយភូមិ,KH17,,ISCED11_3,PT,1.12
2014,៤.៥.២ សន្ទស្សន៍យុគភាព យេនឌ័រនៃអត្រារួមនៃការសិក្សានៅមធ្យមសិក្សាទុតិយភូមិ,KH17,,ISCED11_3,PT,1.2
2015,៤.៥.២ សន្ទស្សន៍យុគភាព យេនឌ័រនៃអត្រារួមនៃការសិក្សានៅមធ្យមសិក្សាទុតិយភូមិ,KH17,,ISCED11_3,PT,1.32
2016,៤.៥.២ សន្ទស្សន៍យុគភាព យេនឌ័រនៃអត្រារួមនៃការសិក្សានៅមធ្យមសិក្សាទុតិយភូមិ,KH17,,ISCED11_3,PT,1.33
2017,៤.៥.២ សន្ទស្សន៍យុគភាព យេនឌ័រនៃអត្រារួមនៃការសិក្សានៅមធ្យមសិក្សាទុតិយភូមិ,KH17,,ISCED11_3,PT,1.39
2018,៤.៥.២ សន្ទស្សន៍យុគភាព យេនឌ័រនៃអត្រារួមនៃការសិក្សានៅមធ្យមសិក្សាទុតិយភូមិ,KH17,,ISCED11_3,PT,1.34
2019,៤.៥.២ សន្ទស្សន៍យុគភាព យេនឌ័រនៃអត្រារួមនៃការសិក្សានៅមធ្យមសិក្សាទុតិយភូមិ,KH17,,ISCED11_3,PT,1.49
2008,៤.៥.២ សន្ទស្សន៍យុគភាព យេនឌ័រនៃអត្រារួមនៃការសិក្សានៅមធ្យមសិក្សាទុតិយភូមិ,KH19,,ISCED11_3,PT,0.67
2009,៤.៥.២ សន្ទស្សន៍យុគភាព យេនឌ័រនៃអត្រារួមនៃការសិក្សានៅមធ្យមសិក្សាទុតិយភូមិ,KH19,,ISCED11_3,PT,0.65
2010,៤.៥.២ សន្ទស្សន៍យុគភាព យេនឌ័រនៃអត្រារួមនៃការសិក្សានៅមធ្យមសិក្សាទុតិយភូមិ,KH19,,ISCED11_3,PT,0.71
2011,៤.៥.២ សន្ទស្សន៍យុគភាព យេនឌ័រនៃអត្រារួមនៃការសិក្សានៅមធ្យមសិក្សាទុតិយភូមិ,KH19,,ISCED11_3,PT,0.87
2012,៤.៥.២ សន្ទស្សន៍យុគភាព យេនឌ័រនៃអត្រារួមនៃការសិក្សានៅមធ្យមសិក្សាទុតិយភូមិ,KH19,,ISCED11_3,PT,0.79
2013,៤.៥.២ សន្ទស្សន៍យុគភាព យេនឌ័រនៃអត្រារួមនៃការសិក្សានៅមធ្យមសិក្សាទុតិយភូមិ,KH19,,ISCED11_3,PT,0.95
2014,៤.៥.២ សន្ទស្សន៍យុគភាព យេនឌ័រនៃអត្រារួមនៃការសិក្សានៅមធ្យមសិក្សាទុតិយភូមិ,KH19,,ISCED11_3,PT,1.1
2015,៤.៥.២ សន្ទស្សន៍យុគភាព យេនឌ័រនៃអត្រារួមនៃការសិក្សានៅមធ្យមសិក្សាទុតិយភូមិ,KH19,,ISCED11_3,PT,0.94
2016,៤.៥.២ សន្ទស្សន៍យុគភាព យេនឌ័រនៃអត្រារួមនៃការសិក្សានៅមធ្យមសិក្សាទុតិយភូមិ,KH19,,ISCED11_3,PT,0.95
2017,៤.៥.២ សន្ទស្សន៍យុគភាព យេនឌ័រនៃអត្រារួមនៃការសិក្សានៅមធ្យមសិក្សាទុតិយភូមិ,KH19,,ISCED11_3,PT,0.99
2018,៤.៥.២ សន្ទស្សន៍យុគភាព យេនឌ័រនៃអត្រារួមនៃការសិក្សានៅមធ្យមសិក្សាទុតិយភូមិ,KH19,,ISCED11_3,PT,1.03
2019,៤.៥.២ សន្ទស្សន៍យុគភាព យេនឌ័រនៃអត្រារួមនៃការសិក្សានៅមធ្យមសិក្សាទុតិយភូមិ,KH19,,ISCED11_3,PT,1.12
2008,៤.៥.២ សន្ទស្សន៍យុគភាព យេនឌ័រនៃអត្រារួមនៃការសិក្សានៅមធ្យមសិក្សាទុតិយភូមិ,KH20,,ISCED11_3,PT,0.58
2009,៤.៥.២ សន្ទស្សន៍យុគភាព យេនឌ័រនៃអត្រារួមនៃការសិក្សានៅមធ្យមសិក្សាទុតិយភូមិ,KH20,,ISCED11_3,PT,0.71
2010,៤.៥.២ សន្ទស្សន៍យុគភាព យេនឌ័រនៃអត្រារួមនៃការសិក្សានៅមធ្យមសិក្សាទុតិយភូមិ,KH20,,ISCED11_3,PT,0.59
2011,៤.៥.២ សន្ទស្សន៍យុគភាព យេនឌ័រនៃអត្រារួមនៃការសិក្សានៅមធ្យមសិក្សាទុតិយភូមិ,KH20,,ISCED11_3,PT,0.75
2012,៤.៥.២ សន្ទស្សន៍យុគភាព យេនឌ័រនៃអត្រារួមនៃការសិក្សានៅមធ្យមសិក្សាទុតិយភូមិ,KH20,,ISCED11_3,PT,0.83
2013,៤.៥.២ សន្ទស្សន៍យុគភាព យេនឌ័រនៃអត្រារួមនៃការសិក្សានៅមធ្យមសិក្សាទុតិយភូមិ,KH20,,ISCED11_3,PT,0.84
2014,៤.៥.២ សន្ទស្សន៍យុគភាព យេនឌ័រនៃអត្រារួមនៃការសិក្សានៅមធ្យមសិក្សាទុតិយភូមិ,KH20,,ISCED11_3,PT,0.9
2015,៤.៥.២ សន្ទស្សន៍យុគភាព យេនឌ័រនៃអត្រារួមនៃការសិក្សានៅមធ្យមសិក្សាទុតិយភូមិ,KH20,,ISCED11_3,PT,0.96
2016,៤.៥.២ សន្ទស្សន៍យុគភាព យេនឌ័រនៃអត្រារួមនៃការសិក្សានៅមធ្យមសិក្សាទុតិយភូមិ,KH20,,ISCED11_3,PT,1.03
2017,៤.៥.២ សន្ទស្សន៍យុគភាព យេនឌ័រនៃអត្រារួមនៃការសិក្សានៅមធ្យមសិក្សាទុតិយភូមិ,KH20,,ISCED11_3,PT,1.13
2018,៤.៥.២ សន្ទស្សន៍យុគភាព យេនឌ័រនៃអត្រារួមនៃការសិក្សានៅមធ្យមសិក្សាទុតិយភូមិ,KH20,,ISCED11_3,PT,1.21
2019,៤.៥.២ សន្ទស្សន៍យុគភាព យេនឌ័រនៃអត្រារួមនៃការសិក្សានៅមធ្យមសិក្សាទុតិយភូមិ,KH20,,ISCED11_3,PT,1.32
2008,៤.៥.២ សន្ទស្សន៍យុគភាព យេនឌ័រនៃអត្រារួមនៃការសិក្សានៅមធ្យមសិក្សាទុតិយភូមិ,KH21,,ISCED11_3,PT,0.59
2009,៤.៥.២ សន្ទស្សន៍យុគភាព យេនឌ័រនៃអត្រារួមនៃការសិក្សានៅមធ្យមសិក្សាទុតិយភូមិ,KH21,,ISCED11_3,PT,0.76
2010,៤.៥.២ សន្ទស្សន៍យុគភាព យេនឌ័រនៃអត្រារួមនៃការសិក្សានៅមធ្យមសិក្សាទុតិយភូមិ,KH21,,ISCED11_3,PT,0.71
2011,៤.៥.២ សន្ទស្សន៍យុគភាព យេនឌ័រនៃអត្រារួមនៃការសិក្សានៅមធ្យមសិក្សាទុតិយភូមិ,KH21,,ISCED11_3,PT,0.82
2012,៤.៥.២ សន្ទស្សន៍យុគភាព យេនឌ័រនៃអត្រារួមនៃការសិក្សានៅមធ្យមសិក្សាទុតិយភូមិ,KH21,,ISCED11_3,PT,0.87
2013,៤.៥.២ សន្ទស្សន៍យុគភាព យេនឌ័រនៃអត្រារួមនៃការសិក្សានៅមធ្យមសិក្សាទុតិយភូមិ,KH21,,ISCED11_3,PT,0.91
2014,៤.៥.២ សន្ទស្សន៍យុគភាព យេនឌ័រនៃអត្រារួមនៃការសិក្សានៅមធ្យមសិក្សាទុតិយភូមិ,KH21,,ISCED11_3,PT,1.0
2015,៤.៥.២ សន្ទស្សន៍យុគភាព យេនឌ័រនៃអត្រារួមនៃការសិក្សានៅមធ្យមសិក្សាទុតិយភូមិ,KH21,,ISCED11_3,PT,1.0
2016,៤.៥.២ សន្ទស្សន៍យុគភាព យេនឌ័រនៃអត្រារួមនៃការសិក្សានៅមធ្យមសិក្សាទុតិយភូមិ,KH21,,ISCED11_3,PT,1.1
2017,៤.៥.២ សន្ទស្សន៍យុគភាព យេនឌ័រនៃអត្រារួមនៃការសិក្សានៅមធ្យមសិក្សាទុតិយភូមិ,KH21,,ISCED11_3,PT,1.16
2018,៤.៥.២ សន្ទស្សន៍យុគភាព យេនឌ័រនៃអត្រារួមនៃការសិក្សានៅមធ្យមសិក្សាទុតិយភូមិ,KH21,,ISCED11_3,PT,1.22
2019,៤.៥.២ សន្ទស្សន៍យុគភាព យេនឌ័រនៃអត្រារួមនៃការសិក្សានៅមធ្យមសិក្សាទុតិយភូមិ,KH21,,ISCED11_3,PT,1.32
2014,៤.៥.២ សន្ទស្សន៍យុគភាព យេនឌ័រនៃអត្រារួមនៃការសិក្សានៅមធ្យមសិក្សាទុតិយភូមិ,KH25,,ISCED11_3,PT,1.1
2015,៤.៥.២ សន្ទស្សន៍យុគភាព យេនឌ័រនៃអត្រារួមនៃការសិក្សានៅមធ្យមសិក្សាទុតិយភូមិ,KH25,,ISCED11_3,PT,1.2
2016,៤.៥.២ សន្ទស្សន៍យុគភាព យេនឌ័រនៃអត្រារួមនៃការសិក្សានៅមធ្យមសិក្សាទុតិយភូមិ,KH25,,ISCED11_3,PT,1.29
2017,៤.៥.២ សន្ទស្សន៍យុគភាព យេនឌ័រនៃអត្រារួមនៃការសិក្សានៅមធ្យមសិក្សាទុតិយភូមិ,KH25,,ISCED11_3,PT,1.35
2018,៤.៥.២ សន្ទស្សន៍យុគភាព យេនឌ័រនៃអត្រារួមនៃការសិក្សានៅមធ្យមសិក្សាទុតិយភូមិ,KH25,,ISCED11_3,PT,1.34
2019,៤.៥.២ សន្ទស្សន៍យុគភាព យេនឌ័រនៃអត្រារួមនៃការសិក្សានៅមធ្យមសិក្សាទុតិយភូមិ,KH25,,ISCED11_3,PT,1.51
