Year,SERIES,REF_AREA,URBANISATION,UNIT_MEASURE,Value
2008,៤.៥.១ សន្ទស្សន៍យុគភាព យេនឌ័រនៃអត្រារួមនៃការសិក្សានៅមធ្យមសិក្សាបឋមភូមិ,,,PT,0.9
2009,៤.៥.១ សន្ទស្សន៍យុគភាព យេនឌ័រនៃអត្រារួមនៃការសិក្សានៅមធ្យមសិក្សាបឋមភូមិ,,,PT,1.0
2010,៤.៥.១ សន្ទស្សន៍យុគភាព យេនឌ័រនៃអត្រារួមនៃការសិក្សានៅមធ្យមសិក្សាបឋមភូមិ,,,PT,1.0
2011,៤.៥.១ សន្ទស្សន៍យុគភាព យេនឌ័រនៃអត្រារួមនៃការសិក្សានៅមធ្យមសិក្សាបឋមភូមិ,,,PT,1.0
2012,៤.៥.១ សន្ទស្សន៍យុគភាព យេនឌ័រនៃអត្រារួមនៃការសិក្សានៅមធ្យមសិក្សាបឋមភូមិ,,,PT,1.0
2013,៤.៥.១ សន្ទស្សន៍យុគភាព យេនឌ័រនៃអត្រារួមនៃការសិក្សានៅមធ្យមសិក្សាបឋមភូមិ,,,PT,1.1
2014,៤.៥.១ សន្ទស្សន៍យុគភាព យេនឌ័រនៃអត្រារួមនៃការសិក្សានៅមធ្យមសិក្សាបឋមភូមិ,,,PT,1.1
2015,៤.៥.១ សន្ទស្សន៍យុគភាព យេនឌ័រនៃអត្រារួមនៃការសិក្សានៅមធ្យមសិក្សាបឋមភូមិ,,,PT,1.1
2016,៤.៥.១ សន្ទស្សន៍យុគភាព យេនឌ័រនៃអត្រារួមនៃការសិក្សានៅមធ្យមសិក្សាបឋមភូមិ,,,PT,1.1
2017,៤.៥.១ សន្ទស្សន៍យុគភាព យេនឌ័រនៃអត្រារួមនៃការសិក្សានៅមធ្យមសិក្សាបឋមភូមិ,,,PT,1.2
2018,៤.៥.១ សន្ទស្សន៍យុគភាព យេនឌ័រនៃអត្រារួមនៃការសិក្សានៅមធ្យមសិក្សាបឋមភូមិ,,,PT,1.2
2019,៤.៥.១ សន្ទស្សន៍យុគភាព យេនឌ័រនៃអត្រារួមនៃការសិក្សានៅមធ្យមសិក្សាបឋមភូមិ,,,PT,1.2
2008,៤.៥.១ សន្ទស្សន៍យុគភាព យេនឌ័រនៃអត្រារួមនៃការសិក្សានៅមធ្យមសិក្សាបឋមភូមិ,,U,PT,0.9
2009,៤.៥.១ សន្ទស្សន៍យុគភាព យេនឌ័រនៃអត្រារួមនៃការសិក្សានៅមធ្យមសិក្សាបឋមភូមិ,,U,PT,0.9
2010,៤.៥.១ សន្ទស្សន៍យុគភាព យេនឌ័រនៃអត្រារួមនៃការសិក្សានៅមធ្យមសិក្សាបឋមភូមិ,,U,PT,0.8
2011,៤.៥.១ សន្ទស្សន៍យុគភាព យេនឌ័រនៃអត្រារួមនៃការសិក្សានៅមធ្យមសិក្សាបឋមភូមិ,,U,PT,0.9
2012,៤.៥.១ សន្ទស្សន៍យុគភាព យេនឌ័រនៃអត្រារួមនៃការសិក្សានៅមធ្យមសិក្សាបឋមភូមិ,,U,PT,1.0
2013,៤.៥.១ សន្ទស្សន៍យុគភាព យេនឌ័រនៃអត្រារួមនៃការសិក្សានៅមធ្យមសិក្សាបឋមភូមិ,,U,PT,1.0
2014,៤.៥.១ សន្ទស្សន៍យុគភាព យេនឌ័រនៃអត្រារួមនៃការសិក្សានៅមធ្យមសិក្សាបឋមភូមិ,,U,PT,1.0
2015,៤.៥.១ សន្ទស្សន៍យុគភាព យេនឌ័រនៃអត្រារួមនៃការសិក្សានៅមធ្យមសិក្សាបឋមភូមិ,,U,PT,1.0
2016,៤.៥.១ សន្ទស្សន៍យុគភាព យេនឌ័រនៃអត្រារួមនៃការសិក្សានៅមធ្យមសិក្សាបឋមភូមិ,,U,PT,1.1
2017,៤.៥.១ សន្ទស្សន៍យុគភាព យេនឌ័រនៃអត្រារួមនៃការសិក្សានៅមធ្យមសិក្សាបឋមភូមិ,,U,PT,1.1
2018,៤.៥.១ សន្ទស្សន៍យុគភាព យេនឌ័រនៃអត្រារួមនៃការសិក្សានៅមធ្យមសិក្សាបឋមភូមិ,,U,PT,1.1
2019,៤.៥.១ សន្ទស្សន៍យុគភាព យេនឌ័រនៃអត្រារួមនៃការសិក្សានៅមធ្យមសិក្សាបឋមភូមិ,,U,PT,1.1
2008,៤.៥.១ សន្ទស្សន៍យុគភាព យេនឌ័រនៃអត្រារួមនៃការសិក្សានៅមធ្យមសិក្សាបឋមភូមិ,,R,PT,0.9
2009,៤.៥.១ សន្ទស្សន៍យុគភាព យេនឌ័រនៃអត្រារួមនៃការសិក្សានៅមធ្យមសិក្សាបឋមភូមិ,,R,PT,1.0
2010,៤.៥.១ សន្ទស្សន៍យុគភាព យេនឌ័រនៃអត្រារួមនៃការសិក្សានៅមធ្យមសិក្សាបឋមភូមិ,,R,PT,1.0
2011,៤.៥.១ សន្ទស្សន៍យុគភាព យេនឌ័រនៃអត្រារួមនៃការសិក្សានៅមធ្យមសិក្សាបឋមភូមិ,,R,PT,1.0
2012,៤.៥.១ សន្ទស្សន៍យុគភាព យេនឌ័រនៃអត្រារួមនៃការសិក្សានៅមធ្យមសិក្សាបឋមភូមិ,,R,PT,1.0
2013,៤.៥.១ សន្ទស្សន៍យុគភាព យេនឌ័រនៃអត្រារួមនៃការសិក្សានៅមធ្យមសិក្សាបឋមភូមិ,,R,PT,1.1
2014,៤.៥.១ សន្ទស្សន៍យុគភាព យេនឌ័រនៃអត្រារួមនៃការសិក្សានៅមធ្យមសិក្សាបឋមភូមិ,,R,PT,1.1
2015,៤.៥.១ សន្ទស្សន៍យុគភាព យេនឌ័រនៃអត្រារួមនៃការសិក្សានៅមធ្យមសិក្សាបឋមភូមិ,,R,PT,1.1
2016,៤.៥.១ សន្ទស្សន៍យុគភាព យេនឌ័រនៃអត្រារួមនៃការសិក្សានៅមធ្យមសិក្សាបឋមភូមិ,,R,PT,1.2
2017,៤.៥.១ សន្ទស្សន៍យុគភាព យេនឌ័រនៃអត្រារួមនៃការសិក្សានៅមធ្យមសិក្សាបឋមភូមិ,,R,PT,1.2
2018,៤.៥.១ សន្ទស្សន៍យុគភាព យេនឌ័រនៃអត្រារួមនៃការសិក្សានៅមធ្យមសិក្សាបឋមភូមិ,,R,PT,1.2
2019,៤.៥.១ សន្ទស្សន៍យុគភាព យេនឌ័រនៃអត្រារួមនៃការសិក្សានៅមធ្យមសិក្សាបឋមភូមិ,,R,PT,1.2
