Year,SERIES,REF_AREA,SEX,AGE,UNIT_MEASURE,Value
2014,៤.៦.១ អត្រាអក្ខរជនតាមក្រុមអាយុ,KH,F,Y6T14,PT,66.4
2015,៤.៦.១ អត្រាអក្ខរជនតាមក្រុមអាយុ,KH,F,Y6T14,PT,72.3
2016,៤.៦.១ អត្រាអក្ខរជនតាមក្រុមអាយុ,KH,F,Y6T14,PT,74.9
2017,៤.៦.១ អត្រាអក្ខរជនតាមក្រុមអាយុ,KH,F,Y6T14,PT,71.0
2019,៤.៦.១ អត្រាអក្ខរជនតាមក្រុមអាយុ,KH,F,Y6T14,PT,78.2
2014,៤.៦.១ អត្រាអក្ខរជនតាមក្រុមអាយុ,KH,F,Y_GE6,PT,70.8
2015,៤.៦.១ អត្រាអក្ខរជនតាមក្រុមអាយុ,KH,F,Y_GE6,PT,74.5
2016,៤.៦.១ អត្រាអក្ខរជនតាមក្រុមអាយុ,KH,F,Y_GE6,PT,78.4
2017,៤.៦.១ អត្រាអក្ខរជនតាមក្រុមអាយុ,KH,F,Y_GE6,PT,76.7
2019,៤.៦.១ អត្រាអក្ខរជនតាមក្រុមអាយុ,KH,F,Y_GE6,PT,77.3
2004,៤.៦.១ អត្រាអក្ខរជនតាមក្រុមអាយុ,KH,F,Y7T14,PT,62.5
2007,៤.៦.១ អត្រាអក្ខរជនតាមក្រុមអាយុ,KH,F,Y7T14,PT,66.1
2008,៤.៦.១ អត្រាអក្ខរជនតាមក្រុមអាយុ,KH,F,Y7T14,PT,67.9
2009,៤.៦.១ អត្រាអក្ខរជនតាមក្រុមអាយុ,KH,F,Y7T14,PT,70.3
2010,៤.៦.១ អត្រាអក្ខរជនតាមក្រុមអាយុ,KH,F,Y7T14,PT,73.2
2011,៤.៦.១ អត្រាអក្ខរជនតាមក្រុមអាយុ,KH,F,Y7T14,PT,71.8
2012,៤.៦.១ អត្រាអក្ខរជនតាមក្រុមអាយុ,KH,F,Y7T14,PT,61.2
2013,៤.៦.១ អត្រាអក្ខរជនតាមក្រុមអាយុ,KH,F,Y7T14,PT,64.5
2004,៤.៦.១ អត្រាអក្ខរជនតាមក្រុមអាយុ,KH,F,Y_GE7,PT,60.5
2007,៤.៦.១ អត្រាអក្ខរជនតាមក្រុមអាយុ,KH,F,Y_GE7,PT,66.0
2008,៤.៦.១ អត្រាអក្ខរជនតាមក្រុមអាយុ,KH,F,Y_GE7,PT,67.7
2009,៤.៦.១ អត្រាអក្ខរជនតាមក្រុមអាយុ,KH,F,Y_GE7,PT,66.8
2010,៤.៦.១ អត្រាអក្ខរជនតាមក្រុមអាយុ,KH,F,Y_GE7,PT,69.9
2011,៤.៦.១ អត្រាអក្ខរជនតាមក្រុមអាយុ,KH,F,Y_GE7,PT,72.5
2012,៤.៦.១ អត្រាអក្ខរជនតាមក្រុមអាយុ,KH,F,Y_GE7,PT,70.6
2013,៤.៦.១ អត្រាអក្ខរជនតាមក្រុមអាយុ,KH,F,Y_GE7,PT,72.5
2004,៤.៦.១ អត្រាអក្ខរជនតាមក្រុមអាយុ,KH,F,Y15T24,PT,76.8
2007,៤.៦.១ អត្រាអក្ខរជនតាមក្រុមអាយុ,KH,F,Y15T24,PT,84.4
2008,៤.៦.១ អត្រាអក្ខរជនតាមក្រុមអាយុ,KH,F,Y15T24,PT,87.9
2009,៤.៦.១ អត្រាអក្ខរជនតាមក្រុមអាយុ,KH,F,Y15T24,PT,85.8
2010,៤.៦.១ អត្រាអក្ខរជនតាមក្រុមអាយុ,KH,F,Y15T24,PT,88.2
2011,៤.៦.១ អត្រាអក្ខរជនតាមក្រុមអាយុ,KH,F,Y15T24,PT,91.3
2012,៤.៦.១ អត្រាអក្ខរជនតាមក្រុមអាយុ,KH,F,Y15T24,PT,91.3
2013,៤.៦.១ អត្រាអក្ខរជនតាមក្រុមអាយុ,KH,F,Y15T24,PT,92.8
2014,៤.៦.១ អត្រាអក្ខរជនតាមក្រុមអាយុ,KH,F,Y15T24,PT,90.4
2015,៤.៦.១ អត្រាអក្ខរជនតាមក្រុមអាយុ,KH,F,Y15T24,PT,92.6
2016,៤.៦.១ អត្រាអក្ខរជនតាមក្រុមអាយុ,KH,F,Y15T24,PT,95.9
2017,៤.៦.១ អត្រាអក្ខរជនតាមក្រុមអាយុ,KH,F,Y15T24,PT,95.7
2019,៤.៦.១ អត្រាអក្ខរជនតាមក្រុមអាយុ,KH,F,Y15T24,PT,95.1
2004,៤.៦.១ អត្រាអក្ខរជនតាមក្រុមអាយុ,KH,F,Y_GE15,PT,59.9
2007,៤.៦.១ អត្រាអក្ខរជនតាមក្រុមអាយុ,KH,F,Y_GE15,PT,66.0
2008,៤.៦.១ អត្រាអក្ខរជនតាមក្រុមអាយុ,KH,F,Y_GE15,PT,67.7
2009,៤.៦.១ អត្រាអក្ខរជនតាមក្រុមអាយុ,KH,F,Y_GE15,PT,65.9
2010,៤.៦.១ អត្រាអក្ខរជនតាមក្រុមអាយុ,KH,F,Y_GE15,PT,69.1
2011,៤.៦.១ អត្រាអក្ខរជនតាមក្រុមអាយុ,KH,F,Y_GE15,PT,72.6
2012,៤.៦.១ អត្រាអក្ខរជនតាមក្រុមអាយុ,KH,F,Y_GE15,PT,73.2
2013,៤.៦.១ អត្រាអក្ខរជនតាមក្រុមអាយុ,KH,F,Y_GE15,PT,74.4
2014,៤.៦.១ អត្រាអក្ខរជនតាមក្រុមអាយុ,KH,F,Y_GE15,PT,71.8
2015,៤.៦.១ អត្រាអក្ខរជនតាមក្រុមអាយុ,KH,F,Y_GE15,PT,75.0
2016,៤.៦.១ អត្រាអក្ខរជនតាមក្រុមអាយុ,KH,F,Y_GE15,PT,79.3
2017,៤.៦.១ អត្រាអក្ខរជនតាមក្រុមអាយុ,KH,F,Y_GE15,PT,78.1
2019,៤.៦.១ អត្រាអក្ខរជនតាមក្រុមអាយុ,KH,F,Y_GE15,PT,77.1
2004,៤.៦.១ អត្រាអក្ខរជនតាមក្រុមអាយុ,KH,F,Y25T34,PT,63.7
2007,៤.៦.១ អត្រាអក្ខរជនតាមក្រុមអាយុ,KH,F,Y25T34,PT,69.9
2008,៤.៦.១ អត្រាអក្ខរជនតាមក្រុមអាយុ,KH,F,Y25T34,PT,71.7
2009,៤.៦.១ អត្រាអក្ខរជនតាមក្រុមអាយុ,KH,F,Y25T34,PT,69.0
2010,៤.៦.១ អត្រាអក្ខរជនតាមក្រុមអាយុ,KH,F,Y25T34,PT,74.9
2011,៤.៦.១ អត្រាអក្ខរជនតាមក្រុមអាយុ,KH,F,Y25T34,PT,79.2
2012,៤.៦.១ អត្រាអក្ខរជនតាមក្រុមអាយុ,KH,F,Y25T34,PT,78.3
2013,៤.៦.១ អត្រាអក្ខរជនតាមក្រុមអាយុ,KH,F,Y25T34,PT,82.0
2014,៤.៦.១ អត្រាអក្ខរជនតាមក្រុមអាយុ,KH,F,Y25T34,PT,79.1
2015,៤.៦.១ អត្រាអក្ខរជនតាមក្រុមអាយុ,KH,F,Y25T34,PT,82.1
2016,៤.៦.១ អត្រាអក្ខរជនតាមក្រុមអាយុ,KH,F,Y25T34,PT,87.5
2017,៤.៦.១ អត្រាអក្ខរជនតាមក្រុមអាយុ,KH,F,Y25T34,PT,85.7
2019,៤.៦.១ អត្រាអក្ខរជនតាមក្រុមអាយុ,KH,F,Y25T34,PT,88.0
2004,៤.៦.១ អត្រាអក្ខរជនតាមក្រុមអាយុ,KH,F,Y35T44,PT,56.6
2007,៤.៦.១ អត្រាអក្ខរជនតាមក្រុមអាយុ,KH,F,Y35T44,PT,64.1
2008,៤.៦.១ អត្រាអក្ខរជនតាមក្រុមអាយុ,KH,F,Y35T44,PT,67.0
2009,៤.៦.១ អត្រាអក្ខរជនតាមក្រុមអាយុ,KH,F,Y35T44,PT,63.5
2010,៤.៦.១ អត្រាអក្ខរជនតាមក្រុមអាយុ,KH,F,Y35T44,PT,66.8
2011,៤.៦.១ អត្រាអក្ខរជនតាមក្រុមអាយុ,KH,F,Y35T44,PT,69.3
2012,៤.៦.១ អត្រាអក្ខរជនតាមក្រុមអាយុ,KH,F,Y35T44,PT,74.2
2013,៤.៦.១ អត្រាអក្ខរជនតាមក្រុមអាយុ,KH,F,Y35T44,PT,73.8
2014,៤.៦.១ អត្រាអក្ខរជនតាមក្រុមអាយុ,KH,F,Y35T44,PT,67.8
2015,៤.៦.១ អត្រាអក្ខរជនតាមក្រុមអាយុ,KH,F,Y35T44,PT,71.9
2016,៤.៦.១ អត្រាអក្ខរជនតាមក្រុមអាយុ,KH,F,Y35T44,PT,76.4
2017,៤.៦.១ អត្រាអក្ខរជនតាមក្រុមអាយុ,KH,F,Y35T44,PT,71.2
2019,៤.៦.១ អត្រាអក្ខរជនតាមក្រុមអាយុ,KH,F,Y35T44,PT,75.2
2004,៤.៦.១ អត្រាអក្ខរជនតាមក្រុមអាយុ,KH,F,Y_GE65,PT,14.3
2007,៤.៦.១ អត្រាអក្ខរជនតាមក្រុមអាយុ,KH,F,Y_GE65,PT,17.1
2008,៤.៦.១ អត្រាអក្ខរជនតាមក្រុមអាយុ,KH,F,Y_GE65,PT,19.6
2009,៤.៦.១ អត្រាអក្ខរជនតាមក្រុមអាយុ,KH,F,Y_GE65,PT,18.6
2010,៤.៦.១ អត្រាអក្ខរជនតាមក្រុមអាយុ,KH,F,Y_GE65,PT,22.4
2011,៤.៦.១ អត្រាអក្ខរជនតាមក្រុមអាយុ,KH,F,Y_GE65,PT,25.9
2012,៤.៦.១ អត្រាអក្ខរជនតាមក្រុមអាយុ,KH,F,Y_GE65,PT,26.1
2013,៤.៦.១ អត្រាអក្ខរជនតាមក្រុមអាយុ,KH,F,Y_GE65,PT,27.1
2014,៤.៦.១ អត្រាអក្ខរជនតាមក្រុមអាយុ,KH,F,Y_GE65,PT,28.4
2015,៤.៦.១ អត្រាអក្ខរជនតាមក្រុមអាយុ,KH,F,Y_GE65,PT,36.8
2016,៤.៦.១ អត្រាអក្ខរជនតាមក្រុមអាយុ,KH,F,Y_GE65,PT,39.8
2017,៤.៦.១ អត្រាអក្ខរជនតាមក្រុមអាយុ,KH,F,Y_GE65,PT,39.0
2019,៤.៦.១ អត្រាអក្ខរជនតាមក្រុមអាយុ,KH,F,Y_GE65,PT,44.0
2004,៤.៦.១ អត្រាអក្ខរជនតាមក្រុមអាយុ,KH,F,Y45T54,PT,54.6
2007,៤.៦.១ អត្រាអក្ខរជនតាមក្រុមអាយុ,KH,F,Y45T54,PT,59.4
2008,៤.៦.១ អត្រាអក្ខរជនតាមក្រុមអាយុ,KH,F,Y45T54,PT,58.9
2009,៤.៦.១ អត្រាអក្ខរជនតាមក្រុមអាយុ,KH,F,Y45T54,PT,54.6
2010,៤.៦.១ អត្រាអក្ខរជនតាមក្រុមអាយុ,KH,F,Y45T54,PT,58.5
2011,៤.៦.១ អត្រាអក្ខរជនតាមក្រុមអាយុ,KH,F,Y45T54,PT,62.6
2012,៤.៦.១ អត្រាអក្ខរជនតាមក្រុមអាយុ,KH,F,Y45T54,PT,61.9
2013,៤.៦.១ អត្រាអក្ខរជនតាមក្រុមអាយុ,KH,F,Y45T54,PT,62.3
2014,៤.៦.១ អត្រាអក្ខរជនតាមក្រុមអាយុ,KH,F,Y45T54,PT,57.1
2015,៤.៦.១ អត្រាអក្ខរជនតាមក្រុមអាយុ,KH,F,Y45T54,PT,64.0
2016,៤.៦.១ អត្រាអក្ខរជនតាមក្រុមអាយុ,KH,F,Y45T54,PT,67.1
2017,៤.៦.១ អត្រាអក្ខរជនតាមក្រុមអាយុ,KH,F,Y45T54,PT,69.3
2019,៤.៦.១ អត្រាអក្ខរជនតាមក្រុមអាយុ,KH,F,Y45T54,PT,68.0
2004,៤.៦.១ អត្រាអក្ខរជនតាមក្រុមអាយុ,KH,F,Y55T64,PT,37.2
2007,៤.៦.១ អត្រាអក្ខរជនតាមក្រុមអាយុ,KH,F,Y55T64,PT,45.4
2008,៤.៦.១ អត្រាអក្ខរជនតាមក្រុមអាយុ,KH,F,Y55T64,PT,47.6
2009,៤.៦.១ អត្រាអក្ខរជនតាមក្រុមអាយុ,KH,F,Y55T64,PT,51.2
2010,៤.៦.១ អត្រាអក្ខរជនតាមក្រុមអាយុ,KH,F,Y55T64,PT,49.8
2011,៤.៦.១ អត្រាអក្ខរជនតាមក្រុមអាយុ,KH,F,Y55T64,PT,54.9
2012,៤.៦.១ អត្រាអក្ខរជនតាមក្រុមអាយុ,KH,F,Y55T64,PT,56.2
2013,៤.៦.១ អត្រាអក្ខរជនតាមក្រុមអាយុ,KH,F,Y55T64,PT,59.7
2014,៤.៦.១ អត្រាអក្ខរជនតាមក្រុមអាយុ,KH,F,Y55T64,PT,55.9
2015,៤.៦.១ អត្រាអក្ខរជនតាមក្រុមអាយុ,KH,F,Y55T64,PT,58.5
2016,៤.៦.១ អត្រាអក្ខរជនតាមក្រុមអាយុ,KH,F,Y55T64,PT,65.1
2017,៤.៦.១ អត្រាអក្ខរជនតាមក្រុមអាយុ,KH,F,Y55T64,PT,63.6
2019,៤.៦.១ អត្រាអក្ខរជនតាមក្រុមអាយុ,KH,F,Y55T64,PT,57.2
2014,៤.៦.១ អត្រាអក្ខរជនតាមក្រុមអាយុ,KH,M,Y6T14,PT,62.1
2015,៤.៦.១ អត្រាអក្ខរជនតាមក្រុមអាយុ,KH,M,Y6T14,PT,65.0
2016,៤.៦.១ អត្រាអក្ខរជនតាមក្រុមអាយុ,KH,M,Y6T14,PT,73.3
2017,៤.៦.១ អត្រាអក្ខរជនតាមក្រុមអាយុ,KH,M,Y6T14,PT,72.5
2019,៤.៦.១ អត្រាអក្ខរជនតាមក្រុមអាយុ,KH,M,Y6T14,PT,74.6
2014,៤.៦.១ អត្រាអក្ខរជនតាមក្រុមអាយុ,KH,M,Y_GE6,PT,80.1
2015,៤.៦.១ អត្រាអក្ខរជនតាមក្រុមអាយុ,KH,M,Y_GE6,PT,81.7
2016,៤.៦.១ អត្រាអក្ខរជនតាមក្រុមអាយុ,KH,M,Y_GE6,PT,86.3
2017,៤.៦.១ អត្រាអក្ខរជនតាមក្រុមអាយុ,KH,M,Y_GE6,PT,84.0
2019,៤.៦.១ អត្រាអក្ខរជនតាមក្រុមអាយុ,KH,M,Y_GE6,PT,84.4
2004,៤.៦.១ អត្រាអក្ខរជនតាមក្រុមអាយុ,KH,M,Y7T14,PT,60.4
2007,៤.៦.១ អត្រាអក្ខរជនតាមក្រុមអាយុ,KH,M,Y7T14,PT,62.5
2008,៤.៦.១ អត្រាអក្ខរជនតាមក្រុមអាយុ,KH,M,Y7T14,PT,68.0
2009,៤.៦.១ អត្រាអក្ខរជនតាមក្រុមអាយុ,KH,M,Y7T14,PT,66.6
2010,៤.៦.១ អត្រាអក្ខរជនតាមក្រុមអាយុ,KH,M,Y7T14,PT,65.9
2011,៤.៦.១ អត្រាអក្ខរជនតាមក្រុមអាយុ,KH,M,Y7T14,PT,68.6
2012,៤.៦.១ អត្រាអក្ខរជនតាមក្រុមអាយុ,KH,M,Y7T14,PT,62.2
2013,៤.៦.១ អត្រាអក្ខរជនតាមក្រុមអាយុ,KH,M,Y7T14,PT,61.1
2004,៤.៦.១ អត្រាអក្ខរជនតាមក្រុមអាយុ,KH,M,Y_GE7,PT,74.8
2007,៤.៦.១ អត្រាអក្ខរជនតាមក្រុមអាយុ,KH,M,Y_GE7,PT,79.7
2008,៤.៦.១ អត្រាអក្ខរជនតាមក្រុមអាយុ,KH,M,Y_GE7,PT,80.7
2009,៤.៦.១ អត្រាអក្ខរជនតាមក្រុមអាយុ,KH,M,Y_GE7,PT,79.1
2010,៤.៦.១ អត្រាអក្ខរជនតាមក្រុមអាយុ,KH,M,Y_GE7,PT,80.9
2011,៤.៦.១ អត្រាអក្ខរជនតាមក្រុមអាយុ,KH,M,Y_GE7,PT,83.7
2012,៤.៦.១ អត្រាអក្ខរជនតាមក្រុមអាយុ,KH,M,Y_GE7,PT,81.1
2013,៤.៦.១ អត្រាអក្ខរជនតាមក្រុមអាយុ,KH,M,Y_GE7,PT,81.7
2004,៤.៦.១ អត្រាអក្ខរជនតាមក្រុមអាយុ,KH,M,Y15T24,PT,84.1
2007,៤.៦.១ អត្រាអក្ខរជនតាមក្រុមអាយុ,KH,M,Y15T24,PT,91.3
2008,៤.៦.១ អត្រាអក្ខរជនតាមក្រុមអាយុ,KH,M,Y15T24,PT,89.6
2009,៤.៦.១ អត្រាអក្ខរជនតាមក្រុមអាយុ,KH,M,Y15T24,PT,88.3
2010,៤.៦.១ អត្រាអក្ខរជនតាមក្រុមអាយុ,KH,M,Y15T24,PT,89.4
2011,៤.៦.១ អត្រាអក្ខរជនតាមក្រុមអាយុ,KH,M,Y15T24,PT,91.6
2012,៤.៦.១ អត្រាអក្ខរជនតាមក្រុមអាយុ,KH,M,Y15T24,PT,92.8
2013,៤.៦.១ អត្រាអក្ខរជនតាមក្រុមអាយុ,KH,M,Y15T24,PT,93.1
2014,៤.៦.១ អត្រាអក្ខរជនតាមក្រុមអាយុ,KH,M,Y15T24,PT,89.9
2015,៤.៦.១ អត្រាអក្ខរជនតាមក្រុមអាយុ,KH,M,Y15T24,PT,91.9
2016,៤.៦.១ អត្រាអក្ខរជនតាមក្រុមអាយុ,KH,M,Y15T24,PT,95.0
2017,៤.៦.១ អត្រាអក្ខរជនតាមក្រុមអាយុ,KH,M,Y15T24,PT,93.5
2019,៤.៦.១ អត្រាអក្ខរជនតាមក្រុមអាយុ,KH,M,Y15T24,PT,93.1
2004,៤.៦.១ អត្រាអក្ខរជនតាមក្រុមអាយុ,KH,M,Y_GE15,PT,80.3
2007,៤.៦.១ អត្រាអក្ខរជនតាមក្រុមអាយុ,KH,M,Y_GE15,PT,85.3
2008,៤.៦.១ អត្រាអក្ខរជនតាមក្រុមអាយុ,KH,M,Y_GE15,PT,84.6
2009,៤.៦.១ អត្រាអក្ខរជនតាមក្រុមអាយុ,KH,M,Y_GE15,PT,82.7
2010,៤.៦.១ អត្រាអក្ខរជនតាមក្រុមអាយុ,KH,M,Y_GE15,PT,85.1
2011,៤.៦.១ អត្រាអក្ខរជនតាមក្រុមអាយុ,KH,M,Y_GE15,PT,87.8
2012,៤.៦.១ អត្រាអក្ខរជនតាមក្រុមអាយុ,KH,M,Y_GE15,PT,86.9
2013,៤.៦.១ អត្រាអក្ខរជនតាមក្រុមអាយុ,KH,M,Y_GE15,PT,87.7
2014,៤.៦.១ អត្រាអក្ខរជនតាមក្រុមអាយុ,KH,M,Y_GE15,PT,84.8
2015,៤.៦.១ អត្រាអក្ខរជនតាមក្រុមអាយុ,KH,M,Y_GE15,PT,86.5
2016,៤.៦.១ អត្រាអក្ខរជនតាមក្រុមអាយុ,KH,M,Y_GE15,PT,90.0
2017,៤.៦.១ អត្រាអក្ខរជនតាមក្រុមអាយុ,KH,M,Y_GE15,PT,87.3
2019,៤.៦.១ អត្រាអក្ខរជនតាមក្រុមអាយុ,KH,M,Y_GE15,PT,87.2
2004,៤.៦.១ អត្រាអក្ខរជនតាមក្រុមអាយុ,KH,M,Y25T34,PT,79.5
2007,៤.៦.១ អត្រាអក្ខរជនតាមក្រុមអាយុ,KH,M,Y25T34,PT,80.7
2008,៤.៦.១ អត្រាអក្ខរជនតាមក្រុមអាយុ,KH,M,Y25T34,PT,85.3
2009,៤.៦.១ អត្រាអក្ខរជនតាមក្រុមអាយុ,KH,M,Y25T34,PT,81.3
2010,៤.៦.១ អត្រាអក្ខរជនតាមក្រុមអាយុ,KH,M,Y25T34,PT,85.7
2011,៤.៦.១ អត្រាអក្ខរជនតាមក្រុមអាយុ,KH,M,Y25T34,PT,90.2
2012,៤.៦.១ អត្រាអក្ខរជនតាមក្រុមអាយុ,KH,M,Y25T34,PT,86.8
2013,៤.៦.១ អត្រាអក្ខរជនតាមក្រុមអាយុ,KH,M,Y25T34,PT,86.8
2014,៤.៦.១ អត្រាអក្ខរជនតាមក្រុមអាយុ,KH,M,Y25T34,PT,86.8
2015,៤.៦.១ អត្រាអក្ខរជនតាមក្រុមអាយុ,KH,M,Y25T34,PT,87.7
2016,៤.៦.១ អត្រាអក្ខរជនតាមក្រុមអាយុ,KH,M,Y25T34,PT,91.0
2017,៤.៦.១ អត្រាអក្ខរជនតាមក្រុមអាយុ,KH,M,Y25T34,PT,87.8
2019,៤.៦.១ អត្រាអក្ខរជនតាមក្រុមអាយុ,KH,M,Y25T34,PT,89.7
2004,៤.៦.១ អត្រាអក្ខរជនតាមក្រុមអាយុ,KH,M,Y35T44,PT,77.0
2007,៤.៦.១ អត្រាអក្ខរជនតាមក្រុមអាយុ,KH,M,Y35T44,PT,84.7
2008,៤.៦.១ អត្រាអក្ខរជនតាមក្រុមអាយុ,KH,M,Y35T44,PT,82.1
2009,៤.៦.១ អត្រាអក្ខរជនតាមក្រុមអាយុ,KH,M,Y35T44,PT,80.6
2010,៤.៦.១ អត្រាអក្ខរជនតាមក្រុមអាយុ,KH,M,Y35T44,PT,83.5
2011,៤.៦.១ អត្រាអក្ខរជនតាមក្រុមអាយុ,KH,M,Y35T44,PT,85.1
2012,៤.៦.១ អត្រាអក្ខរជនតាមក្រុមអាយុ,KH,M,Y35T44,PT,83.5
2013,៤.៦.១ អត្រាអក្ខរជនតាមក្រុមអាយុ,KH,M,Y35T44,PT,87.4
2014,៤.៦.១ អត្រាអក្ខរជនតាមក្រុមអាយុ,KH,M,Y35T44,PT,82.4
2015,៤.៦.១ អត្រាអក្ខរជនតាមក្រុមអាយុ,KH,M,Y35T44,PT,83.7
2016,៤.៦.១ អត្រាអក្ខរជនតាមក្រុមអាយុ,KH,M,Y35T44,PT,86.8
2017,៤.៦.១ អត្រាអក្ខរជនតាមក្រុមអាយុ,KH,M,Y35T44,PT,82.8
2019,៤.៦.១ អត្រាអក្ខរជនតាមក្រុមអាយុ,KH,M,Y35T44,PT,85.4
2004,៤.៦.១ អត្រាអក្ខរជនតាមក្រុមអាយុ,KH,M,Y_GE65,PT,64.8
2007,៤.៦.១ អត្រាអក្ខរជនតាមក្រុមអាយុ,KH,M,Y_GE65,PT,72.6
2008,៤.៦.១ អត្រាអក្ខរជនតាមក្រុមអាយុ,KH,M,Y_GE65,PT,74.0
2009,៤.៦.១ អត្រាអក្ខរជនតាមក្រុមអាយុ,KH,M,Y_GE65,PT,70.4
2010,៤.៦.១ អត្រាអក្ខរជនតាមក្រុមអាយុ,KH,M,Y_GE65,PT,72.5
2011,៤.៦.១ អត្រាអក្ខរជនតាមក្រុមអាយុ,KH,M,Y_GE65,PT,75.5
2012,៤.៦.១ អត្រាអក្ខរជនតាមក្រុមអាយុ,KH,M,Y_GE65,PT,75.0
2013,៤.៦.១ អត្រាអក្ខរជនតាមក្រុមអាយុ,KH,M,Y_GE65,PT,78.8
2014,៤.៦.១ អត្រាអក្ខរជនតាមក្រុមអាយុ,KH,M,Y_GE65,PT,73.1
2015,៤.៦.១ អត្រាអក្ខរជនតាមក្រុមអាយុ,KH,M,Y_GE65,PT,76.9
2016,៤.៦.១ អត្រាអក្ខរជនតាមក្រុមអាយុ,KH,M,Y_GE65,PT,81.3
2017,៤.៦.១ អត្រាអក្ខរជនតាមក្រុមអាយុ,KH,M,Y_GE65,PT,79.5
2019,៤.៦.១ អត្រាអក្ខរជនតាមក្រុមអាយុ,KH,M,Y_GE65,PT,78.5
2004,៤.៦.១ អត្រាអក្ខរជនតាមក្រុមអាយុ,KH,M,Y45T54,PT,81.2
2007,៤.៦.១ អត្រាអក្ខរជនតាមក្រុមអាយុ,KH,M,Y45T54,PT,81.6
2008,៤.៦.១ អត្រាអក្ខរជនតាមក្រុមអាយុ,KH,M,Y45T54,PT,81.6
2009,៤.៦.១ អត្រាអក្ខរជនតាមក្រុមអាយុ,KH,M,Y45T54,PT,77.2
2010,៤.៦.១ អត្រាអក្ខរជនតាមក្រុមអាយុ,KH,M,Y45T54,PT,79.0
2011,៤.៦.១ អត្រាអក្ខរជនតាមក្រុមអាយុ,KH,M,Y45T54,PT,83.1
2012,៤.៦.១ អត្រាអក្ខរជនតាមក្រុមអាយុ,KH,M,Y45T54,PT,82.3
2013,៤.៦.១ អត្រាអក្ខរជនតាមក្រុមអាយុ,KH,M,Y45T54,PT,82.7
2014,៤.៦.១ អត្រាអក្ខរជនតាមក្រុមអាយុ,KH,M,Y45T54,PT,77.5
2015,៤.៦.១ អត្រាអក្ខរជនតាមក្រុមអាយុ,KH,M,Y45T54,PT,81.8
2016,៤.៦.១ អត្រាអក្ខរជនតាមក្រុមអាយុ,KH,M,Y45T54,PT,85.8
2017,៤.៦.១ អត្រាអក្ខរជនតាមក្រុមអាយុ,KH,M,Y45T54,PT,81.9
2019,៤.៦.១ អត្រាអក្ខរជនតាមក្រុមអាយុ,KH,M,Y45T54,PT,85.6
2004,៤.៦.១ អត្រាអក្ខរជនតាមក្រុមអាយុ,KH,M,Y55T64,PT,81.5
2007,៤.៦.១ អត្រាអក្ខរជនតាមក្រុមអាយុ,KH,M,Y55T64,PT,87.5
2008,៤.៦.១ អត្រាអក្ខរជនតាមក្រុមអាយុ,KH,M,Y55T64,PT,80.5
2009,៤.៦.១ អត្រាអក្ខរជនតាមក្រុមអាយុ,KH,M,Y55T64,PT,83.6
2010,៤.៦.១ អត្រាអក្ខរជនតាមក្រុមអាយុ,KH,M,Y55T64,PT,86.4
2011,៤.៦.១ អត្រាអក្ខរជនតាមក្រុមអាយុ,KH,M,Y55T64,PT,84.7
2012,៤.៦.១ អត្រាអក្ខរជនតាមក្រុមអាយុ,KH,M,Y55T64,PT,85.7
2013,៤.៦.១ អត្រាអក្ខរជនតាមក្រុមអាយុ,KH,M,Y55T64,PT,82.5
2014,៤.៦.១ អត្រាអក្ខរជនតាមក្រុមអាយុ,KH,M,Y55T64,PT,80.8
2015,៤.៦.១ អត្រាអក្ខរជនតាមក្រុមអាយុ,KH,M,Y55T64,PT,81.1
2016,៤.៦.១ អត្រាអក្ខរជនតាមក្រុមអាយុ,KH,M,Y55T64,PT,85.9
2017,៤.៦.១ អត្រាអក្ខរជនតាមក្រុមអាយុ,KH,M,Y55T64,PT,82.8
2019,៤.៦.១ អត្រាអក្ខរជនតាមក្រុមអាយុ,KH,M,Y55T64,PT,76.7
2014,៤.៦.១ អត្រាអក្ខរជនតាមក្រុមអាយុ,KH,,Y6T14,PT,64.2
2015,៤.៦.១ អត្រាអក្ខរជនតាមក្រុមអាយុ,KH,,Y6T14,PT,68.5
2016,៤.៦.១ អត្រាអក្ខរជនតាមក្រុមអាយុ,KH,,Y6T14,PT,74.1
2017,៤.៦.១ អត្រាអក្ខរជនតាមក្រុមអាយុ,KH,,Y6T14,PT,71.8
2019,៤.៦.១ អត្រាអក្ខរជនតាមក្រុមអាយុ,KH,,Y6T14,PT,76.4
2014,៤.៦.១ អត្រាអក្ខរជនតាមក្រុមអាយុ,KH,,Y_GE6,PT,75.3
2015,៤.៦.១ អត្រាអក្ខរជនតាមក្រុមអាយុ,KH,,Y_GE6,PT,78.0
2016,៤.៦.១ អត្រាអក្ខរជនតាមក្រុមអាយុ,KH,,Y_GE6,PT,82.3
2017,៤.៦.១ អត្រាអក្ខរជនតាមក្រុមអាយុ,KH,,Y_GE6,PT,80.3
2019,៤.៦.១ អត្រាអក្ខរជនតាមក្រុមអាយុ,KH,,Y_GE6,PT,80.7
2004,៤.៦.១ អត្រាអក្ខរជនតាមក្រុមអាយុ,KH,,Y7T14,PT,61.4
2007,៤.៦.១ អត្រាអក្ខរជនតាមក្រុមអាយុ,KH,,Y7T14,PT,64.3
2008,៤.៦.១ អត្រាអក្ខរជនតាមក្រុមអាយុ,KH,,Y7T14,PT,68.0
2009,៤.៦.១ អត្រាអក្ខរជនតាមក្រុមអាយុ,KH,,Y7T14,PT,68.4
2010,៤.៦.១ អត្រាអក្ខរជនតាមក្រុមអាយុ,KH,,Y7T14,PT,69.5
2011,៤.៦.១ អត្រាអក្ខរជនតាមក្រុមអាយុ,KH,,Y7T14,PT,70.1
2012,៤.៦.១ អត្រាអក្ខរជនតាមក្រុមអាយុ,KH,,Y7T14,PT,61.7
2013,៤.៦.១ អត្រាអក្ខរជនតាមក្រុមអាយុ,KH,,Y7T14,PT,62.7
2004,៤.៦.១ អត្រាអក្ខរជនតាមក្រុមអាយុ,KH,,Y_GE7,PT,67.4
2007,៤.៦.១ អត្រាអក្ខរជនតាមក្រុមអាយុ,KH,,Y_GE7,PT,72.6
2008,៤.៦.១ អត្រាអក្ខរជនតាមក្រុមអាយុ,KH,,Y_GE7,PT,74.0
2009,៤.៦.១ អត្រាអក្ខរជនតាមក្រុមអាយុ,KH,,Y_GE7,PT,72.7
2010,៤.៦.១ អត្រាអក្ខរជនតាមក្រុមអាយុ,KH,,Y_GE7,PT,75.2
2011,៤.៦.១ អត្រាអក្ខរជនតាមក្រុមអាយុ,KH,,Y_GE7,PT,77.9
2012,៤.៦.១ អត្រាអក្ខរជនតាមក្រុមអាយុ,KH,,Y_GE7,PT,75.7
2013,៤.៦.១ អត្រាអក្ខរជនតាមក្រុមអាយុ,KH,,Y_GE7,PT,77.0
2004,៤.៦.១ អត្រាអក្ខរជនតាមក្រុមអាយុ,KH,,Y15T24,PT,80.4
2007,៤.៦.១ អត្រាអក្ខរជនតាមក្រុមអាយុ,KH,,Y15T24,PT,87.8
2008,៤.៦.១ អត្រាអក្ខរជនតាមក្រុមអាយុ,KH,,Y15T24,PT,88.8
2009,៤.៦.១ អត្រាអក្ខរជនតាមក្រុមអាយុ,KH,,Y15T24,PT,87.1
2010,៤.៦.១ អត្រាអក្ខរជនតាមក្រុមអាយុ,KH,,Y15T24,PT,88.8
2011,៤.៦.១ អត្រាអក្ខរជនតាមក្រុមអាយុ,KH,,Y15T24,PT,91.5
2012,៤.៦.១ អត្រាអក្ខរជនតាមក្រុមអាយុ,KH,,Y15T24,PT,92.1
2013,៤.៦.១ អត្រាអក្ខរជនតាមក្រុមអាយុ,KH,,Y15T24,PT,93.0
2014,៤.៦.១ អត្រាអក្ខរជនតាមក្រុមអាយុ,KH,,Y15T24,PT,90.1
2015,៤.៦.១ អត្រាអក្ខរជនតាមក្រុមអាយុ,KH,,Y15T24,PT,92.2
2016,៤.៦.១ អត្រាអក្ខរជនតាមក្រុមអាយុ,KH,,Y15T24,PT,95.4
2017,៤.៦.១ អត្រាអក្ខរជនតាមក្រុមអាយុ,KH,,Y15T24,PT,94.6
2019,៤.៦.១ អត្រាអក្ខរជនតាមក្រុមអាយុ,KH,,Y15T24,PT,94.1
2004,៤.៦.១ អត្រាអក្ខរជនតាមក្រុមអាយុ,KH,,Y_GE15,PT,69.4
2007,៤.៦.១ អត្រាអក្ខរជនតាមក្រុមអាយុ,KH,,Y_GE15,PT,75.1
2008,៤.៦.១ អត្រាអក្ខរជនតាមក្រុមអាយុ,KH,,Y_GE15,PT,75.6
2009,៤.៦.១ អត្រាអក្ខរជនតាមក្រុមអាយុ,KH,,Y_GE15,PT,73.9
2010,៤.៦.១ អត្រាអក្ខរជនតាមក្រុមអាយុ,KH,,Y_GE15,PT,76.7
2011,៤.៦.១ អត្រាអក្ខរជនតាមក្រុមអាយុ,KH,,Y_GE15,PT,79.9
2012,៤.៦.១ អត្រាអក្ខរជនតាមក្រុមអាយុ,KH,,Y_GE15,PT,79.7
2013,៤.៦.១ អត្រាអក្ខរជនតាមក្រុមអាយុ,KH,,Y_GE15,PT,80.7
2014,៤.៦.១ អត្រាអក្ខរជនតាមក្រុមអាយុ,KH,,Y_GE15,PT,78.1
2015,៤.៦.១ អត្រាអក្ខរជនតាមក្រុមអាយុ,KH,,Y_GE15,PT,80.5
2016,៤.៦.១ អត្រាអក្ខរជនតាមក្រុមអាយុ,KH,,Y_GE15,PT,84.4
2017,៤.៦.១ អត្រាអក្ខរជនតាមក្រុមអាយុ,KH,,Y_GE15,PT,82.5
2019,៤.៦.១ អត្រាអក្ខរជនតាមក្រុមអាយុ,KH,,Y_GE15,PT,81.9
2004,៤.៦.១ អត្រាអក្ខរជនតាមក្រុមអាយុ,KH,,Y25T34,PT,71.4
2007,៤.៦.១ អត្រាអក្ខរជនតាមក្រុមអាយុ,KH,,Y25T34,PT,75.2
2008,៤.៦.១ អត្រាអក្ខរជនតាមក្រុមអាយុ,KH,,Y25T34,PT,78.4
2009,៤.៦.១ អត្រាអក្ខរជនតាមក្រុមអាយុ,KH,,Y25T34,PT,74.9
2010,៤.៦.១ អត្រាអក្ខរជនតាមក្រុមអាយុ,KH,,Y25T34,PT,80.2
2011,៤.៦.១ អត្រាអក្ខរជនតាមក្រុមអាយុ,KH,,Y25T34,PT,84.6
2012,៤.៦.១ អត្រាអក្ខរជនតាមក្រុមអាយុ,KH,,Y25T34,PT,82.6
2013,៤.៦.១ អត្រាអក្ខរជនតាមក្រុមអាយុ,KH,,Y25T34,PT,84.4
2014,៤.៦.១ អត្រាអក្ខរជនតាមក្រុមអាយុ,KH,,Y25T34,PT,82.9
2015,៤.៦.១ អត្រាអក្ខរជនតាមក្រុមអាយុ,KH,,Y25T34,PT,84.9
2016,៤.៦.១ អត្រាអក្ខរជនតាមក្រុមអាយុ,KH,,Y25T34,PT,89.2
2017,៤.៦.១ អត្រាអក្ខរជនតាមក្រុមអាយុ,KH,,Y25T34,PT,86.8
2019,៤.៦.១ អត្រាអក្ខរជនតាមក្រុមអាយុ,KH,,Y25T34,PT,88.9
2004,៤.៦.១ អត្រាអក្ខរជនតាមក្រុមអាយុ,KH,,Y35T44,PT,66.0
2007,៤.៦.១ អត្រាអក្ខរជនតាមក្រុមអាយុ,KH,,Y35T44,PT,73.8
2008,៤.៦.១ អត្រាអក្ខរជនតាមក្រុមអាយុ,KH,,Y35T44,PT,73.9
2009,៤.៦.១ អត្រាអក្ខរជនតាមក្រុមអាយុ,KH,,Y35T44,PT,71.6
2010,៤.៦.១ អត្រាអក្ខរជនតាមក្រុមអាយុ,KH,,Y35T44,PT,74.6
2011,៤.៦.១ អត្រាអក្ខរជនតាមក្រុមអាយុ,KH,,Y35T44,PT,76.8
2012,៤.៦.១ អត្រាអក្ខរជនតាមក្រុមអាយុ,KH,,Y35T44,PT,78.7
2013,៤.៦.១ អត្រាអក្ខរជនតាមក្រុមអាយុ,KH,,Y35T44,PT,80.3
2014,៤.៦.១ អត្រាអក្ខរជនតាមក្រុមអាយុ,KH,,Y35T44,PT,74.8
2015,៤.៦.១ អត្រាអក្ខរជនតាមក្រុមអាយុ,KH,,Y35T44,PT,77.5
2016,៤.៦.១ អត្រាអក្ខរជនតាមក្រុមអាយុ,KH,,Y35T44,PT,81.4
2017,៤.៦.១ អត្រាអក្ខរជនតាមក្រុមអាយុ,KH,,Y35T44,PT,76.8
2019,៤.៦.១ អត្រាអក្ខរជនតាមក្រុមអាយុ,KH,,Y35T44,PT,80.2
2004,៤.៦.១ អត្រាអក្ខរជនតាមក្រុមអាយុ,KH,,Y_GE65,PT,35.1
2007,៤.៦.១ អត្រាអក្ខរជនតាមក្រុមអាយុ,KH,,Y_GE65,PT,38.8
2008,៤.៦.១ អត្រាអក្ខរជនតាមក្រុមអាយុ,KH,,Y_GE65,PT,43.0
2009,៤.៦.១ អត្រាអក្ខរជនតាមក្រុមអាយុ,KH,,Y_GE65,PT,40.1
2010,៤.៦.១ អត្រាអក្ខរជនតាមក្រុមអាយុ,KH,,Y_GE65,PT,42.9
2011,៤.៦.១ អត្រាអក្ខរជនតាមក្រុមអាយុ,KH,,Y_GE65,PT,45.2
2012,៤.៦.១ អត្រាអក្ខរជនតាមក្រុមអាយុ,KH,,Y_GE65,PT,46.3
2013,៤.៦.១ អត្រាអក្ខរជនតាមក្រុមអាយុ,KH,,Y_GE65,PT,47.6
2014,៤.៦.១ អត្រាអក្ខរជនតាមក្រុមអាយុ,KH,,Y_GE65,PT,46.6
2015,៤.៦.១ អត្រាអក្ខរជនតាមក្រុមអាយុ,KH,,Y_GE65,PT,53.0
2016,៤.៦.១ អត្រាអក្ខរជនតាមក្រុមអាយុ,KH,,Y_GE65,PT,56.3
2017,៤.៦.១ អត្រាអក្ខរជនតាមក្រុមអាយុ,KH,,Y_GE65,PT,55.1
2019,៤.៦.១ អត្រាអក្ខរជនតាមក្រុមអាយុ,KH,,Y_GE65,PT,57.6
2004,៤.៦.១ អត្រាអក្ខរជនតាមក្រុមអាយុ,KH,,Y45T54,PT,65.7
2007,៤.៦.១ អត្រាអក្ខរជនតាមក្រុមអាយុ,KH,,Y45T54,PT,68.9
2008,៤.៦.១ អត្រាអក្ខរជនតាមក្រុមអាយុ,KH,,Y45T54,PT,69.0
2009,៤.៦.១ អត្រាអក្ខរជនតាមក្រុមអាយុ,KH,,Y45T54,PT,64.5
2010,៤.៦.១ អត្រាអក្ខរជនតាមក្រុមអាយុ,KH,,Y45T54,PT,67.6
2011,៤.៦.១ អត្រាអក្ខរជនតាមក្រុមអាយុ,KH,,Y45T54,PT,72.0
2012,៤.៦.១ អត្រាអក្ខរជនតាមក្រុមអាយុ,KH,,Y45T54,PT,71.1
2013,៤.៦.១ អត្រាអក្ខរជនតាមក្រុមអាយុ,KH,,Y45T54,PT,71.8
2014,៤.៦.១ អត្រាអក្ខរជនតាមក្រុមអាយុ,KH,,Y45T54,PT,66.6
2015,៤.៦.១ អត្រាអក្ខរជនតាមក្រុមអាយុ,KH,,Y45T54,PT,72.3
2016,៤.៦.១ អត្រាអក្ខរជនតាមក្រុមអាយុ,KH,,Y45T54,PT,75.8
2017,៤.៦.១ អត្រាអក្ខរជនតាមក្រុមអាយុ,KH,,Y45T54,PT,75.2
2019,៤.៦.១ អត្រាអក្ខរជនតាមក្រុមអាយុ,KH,,Y45T54,PT,76.4
2004,៤.៦.១ អត្រាអក្ខរជនតាមក្រុមអាយុ,KH,,Y55T64,PT,55.8
2007,៤.៦.១ អត្រាអក្ខរជនតាមក្រុមអាយុ,KH,,Y55T64,PT,63.2
2008,៤.៦.១ អត្រាអក្ខរជនតាមក្រុមអាយុ,KH,,Y55T64,PT,61.6
2009,៤.៦.១ អត្រាអក្ខរជនតាមក្រុមអាយុ,KH,,Y55T64,PT,65.1
2010,៤.៦.១ អត្រាអក្ខរជនតាមក្រុមអាយុ,KH,,Y55T64,PT,65.0
2011,៤.៦.១ អត្រាអក្ខរជនតាមក្រុមអាយុ,KH,,Y55T64,PT,67.3
2012,៤.៦.១ អត្រាអក្ខរជនតាមក្រុមអាយុ,KH,,Y55T64,PT,68.1
2013,៤.៦.១ អត្រាអក្ខរជនតាមក្រុមអាយុ,KH,,Y55T64,PT,68.7
2014,៤.៦.១ អត្រាអក្ខរជនតាមក្រុមអាយុ,KH,,Y55T64,PT,66.0
2015,៤.៦.១ អត្រាអក្ខរជនតាមក្រុមអាយុ,KH,,Y55T64,PT,67.6
2016,៤.៦.១ អត្រាអក្ខរជនតាមក្រុមអាយុ,KH,,Y55T64,PT,73.5
2017,៤.៦.១ អត្រាអក្ខរជនតាមក្រុមអាយុ,KH,,Y55T64,PT,71.3
2019,៤.៦.១ អត្រាអក្ខរជនតាមក្រុមអាយុ,KH,,Y55T64,PT,65.8
