Year,SERIES,REF_AREA,UNIT_MEASURE,Value
2015,៤.ក.២ សមាមាត្រនៃសាលាមត្តេយ្យសិក្សា បឋមសិក្សា និងមធ្យមសិក្សា ដែលមានបង្គន់ អនាម័យប្រើប្រាស់,,PT,57.0
2016,៤.ក.២ សមាមាត្រនៃសាលាមត្តេយ្យសិក្សា បឋមសិក្សា និងមធ្យមសិក្សា ដែលមានបង្គន់ អនាម័យប្រើប្រាស់,,PT,62.5
2017,៤.ក.២ សមាមាត្រនៃសាលាមត្តេយ្យសិក្សា បឋមសិក្សា និងមធ្យមសិក្សា ដែលមានបង្គន់ អនាម័យប្រើប្រាស់,,PT,69.0
2018,៤.ក.២ សមាមាត្រនៃសាលាមត្តេយ្យសិក្សា បឋមសិក្សា និងមធ្យមសិក្សា ដែលមានបង្គន់ អនាម័យប្រើប្រាស់,,PT,68.7
2019,៤.ក.២ សមាមាត្រនៃសាលាមត្តេយ្យសិក្សា បឋមសិក្សា និងមធ្យមសិក្សា ដែលមានបង្គន់ អនាម័យប្រើប្រាស់,,PT,71.3
2020,៤.ក.២ សមាមាត្រនៃសាលាមត្តេយ្យសិក្សា បឋមសិក្សា និងមធ្យមសិក្សា ដែលមានបង្គន់ អនាម័យប្រើប្រាស់,,PT,73.9
