Year,SERIES,តំបន់យោង,UNIT_MEASURE,Value
2015,៤.ក.៣ ភាគរយនៃសាលាបឋមសិក្សា និងមធ្យមសិក្សាដែលមានជម្រាលសម្រាប់សិស្សពិការ,,ភាគរយ,0.0
2016,៤.ក.៣ ភាគរយនៃសាលាបឋមសិក្សា និងមធ្យមសិក្សាដែលមានជម្រាលសម្រាប់សិស្សពិការ,,ភាគរយ,1.3
2017,៤.ក.៣ ភាគរយនៃសាលាបឋមសិក្សា និងមធ្យមសិក្សាដែលមានជម្រាលសម្រាប់សិស្សពិការ,,ភាគរយ,2.7
2018,៤.ក.៣ ភាគរយនៃសាលាបឋមសិក្សា និងមធ្យមសិក្សាដែលមានជម្រាលសម្រាប់សិស្សពិការ,,ភាគរយ,4.0
2019,៤.ក.៣ ភាគរយនៃសាលាបឋមសិក្សា និងមធ្យមសិក្សាដែលមានជម្រាលសម្រាប់សិស្សពិការ,,ភាគរយ,31.4
2020,៤.ក.៣ ភាគរយនៃសាលាបឋមសិក្សា និងមធ្យមសិក្សាដែលមានជម្រាលសម្រាប់សិស្សពិការ,,ភាគរយ,33.4
