Year,SERIES,REF_AREA,UNIT_MEASURE,Value
2015,៤.ក.១ សមាមាត្រនៃសាលាមេត្តយ្យសិក្សា បឋមសិក្សា និងមធ្យមសិក្សាដែលមានឧបករណ៍ទឹកស្អាតសម្រាប់បរិភោគ,KH,PT,27.0
2016,៤.ក.១ សមាមាត្រនៃសាលាមេត្តយ្យសិក្សា បឋមសិក្សា និងមធ្យមសិក្សាដែលមានឧបករណ៍ទឹកស្អាតសម្រាប់បរិភោគ,KH,PT,47.9
2017,៤.ក.១ សមាមាត្រនៃសាលាមេត្តយ្យសិក្សា បឋមសិក្សា និងមធ្យមសិក្សាដែលមានឧបករណ៍ទឹកស្អាតសម្រាប់បរិភោគ,KH,PT,48.2
2018,៤.ក.១ សមាមាត្រនៃសាលាមេត្តយ្យសិក្សា បឋមសិក្សា និងមធ្យមសិក្សាដែលមានឧបករណ៍ទឹកស្អាតសម្រាប់បរិភោគ,KH,PT,46.7
2019,៤.ក.១ សមាមាត្រនៃសាលាមេត្តយ្យសិក្សា បឋមសិក្សា និងមធ្យមសិក្សាដែលមានឧបករណ៍ទឹកស្អាតសម្រាប់បរិភោគ,KH,PT,51.1
2020,៤.ក.១ សមាមាត្រនៃសាលាមេត្តយ្យសិក្សា បឋមសិក្សា និងមធ្យមសិក្សាដែលមានឧបករណ៍ទឹកស្អាតសម្រាប់បរិភោគ,KH,PT,55.6
