Year,SERIES,REF_AREA,UNIT_MEASURE,Value
2015,៤.គ.៥ ភាគរយគូ្របង្រៀនដែលបានទទួលការបណ្តុះបណ្តាលវិកឹ្រតការ,KH,PT,2.0
2016,៤.គ.៥ ភាគរយគូ្របង្រៀនដែលបានទទួលការបណ្តុះបណ្តាលវិកឹ្រតការ,KH,PT,3.9
2017,៤.គ.៥ ភាគរយគូ្របង្រៀនដែលបានទទួលការបណ្តុះបណ្តាលវិកឹ្រតការ,KH,PT,5.9
2018,៤.គ.៥ ភាគរយគូ្របង្រៀនដែលបានទទួលការបណ្តុះបណ្តាលវិកឹ្រតការ,KH,PT,9.5
2019,៤.គ.៥ ភាគរយគូ្របង្រៀនដែលបានទទួលការបណ្តុះបណ្តាលវិកឹ្រតការ,KH,PT,11.2
2020,៤.គ.៥ ភាគរយគូ្របង្រៀនដែលបានទទួលការបណ្តុះបណ្តាលវិកឹ្រតការ,KH,PT,12.9
