Year,SERIES,REF_AREA,SEX,UNIT_MEASURE,Value
2002,៥.៥.៣ សមាមាត្រនៃស្ដី្រជាសមាជិកក្រុមបឹ្រក្សាឃុំ សង្កាត់,KH,F,PT,9.4
2007,៥.៥.៣ សមាមាត្រនៃស្ដី្រជាសមាជិកក្រុមបឹ្រក្សាឃុំ សង្កាត់,KH,F,PT,15.1
2012,៥.៥.៣ សមាមាត្រនៃស្ដី្រជាសមាជិកក្រុមបឹ្រក្សាឃុំ សង្កាត់,KH,F,PT,17.78
2018,៥.៥.៣ សមាមាត្រនៃស្ដី្រជាសមាជិកក្រុមបឹ្រក្សាឃុំ សង្កាត់,KH,F,PT,13.93
