Year,SERIES,REF_AREA,UNIT_MEASURE,Value
2015,៧.១.២ សមាមាត្រនៃប្រជាជនដែលពឺងផ្អែកជាចម្បងលើបច្ចេកវិទ្យានិងឥន្ធនៈស្អាត,KH,NUMBER,6.16
2016,៧.១.២ សមាមាត្រនៃប្រជាជនដែលពឺងផ្អែកជាចម្បងលើបច្ចេកវិទ្យានិងឥន្ធនៈស្អាត,KH,NUMBER,5.59
2017,៧.១.២ សមាមាត្រនៃប្រជាជនដែលពឺងផ្អែកជាចម្បងលើបច្ចេកវិទ្យានិងឥន្ធនៈស្អាត,KH,NUMBER,5.22
2018,៧.១.២ សមាមាត្រនៃប្រជាជនដែលពឺងផ្អែកជាចម្បងលើបច្ចេកវិទ្យានិងឥន្ធនៈស្អាត,KH,NUMBER,7.65
