Year,SERIES,REF_AREA,UNIT_MEASURE,Value
2015,៧.៣.១ សមាមាត្រនៃថាមពល បឋម ធៀបនឹងផលិតផលក្នុងស្រុកសរុប,,T_OE,0.3
2016,៧.៣.១ សមាមាត្រនៃថាមពល បឋម ធៀបនឹងផលិតផលក្នុងស្រុកសរុប,,T_OE,0.32
2017,៧.៣.១ សមាមាត្រនៃថាមពល បឋម ធៀបនឹងផលិតផលក្នុងស្រុកសរុប,,T_OE,0.31
2018,៧.៣.១ សមាមាត្រនៃថាមពល បឋម ធៀបនឹងផលិតផលក្នុងស្រុកសរុប,,T_OE,0.3
2019,៧.៣.១ សមាមាត្រនៃថាមពល បឋម ធៀបនឹងផលិតផលក្នុងស្រុកសរុប,,T_OE,0.3
2020,៧.៣.១ សមាមាត្រនៃថាមពល បឋម ធៀបនឹងផលិតផលក្នុងស្រុកសរុប,,T_OE,0.29
