Year,SERIES,REF_AREA,UNIT_MEASURE,Value
2015,៨.២.២.១ អត្រាកំណើននៃការចុះបញ្ជីពណិជ្ជកម្ម ដោយស័យ្វ ប្រវតិ្តកម្ម,KH,PT,15
2016,៨.២.២.១ អត្រាកំណើននៃការចុះបញ្ជីពណិជ្ជកម្ម ដោយស័យ្វ ប្រវតិ្តកម្ម,KH,PT,-4
2017,៨.២.២.១ អត្រាកំណើននៃការចុះបញ្ជីពណិជ្ជកម្ម ដោយស័យ្វ ប្រវតិ្តកម្ម,KH,PT,25
2018,៨.២.២.១ អត្រាកំណើននៃការចុះបញ្ជីពណិជ្ជកម្ម ដោយស័យ្វ ប្រវតិ្តកម្ម,KH,PT,92
2019,៨.២.២.១ អត្រាកំណើននៃការចុះបញ្ជីពណិជ្ជកម្ម ដោយស័យ្វ ប្រវតិ្តកម្ម,KH,PT,-1
2020,៨.២.២.១ អត្រាកំណើននៃការចុះបញ្ជីពណិជ្ជកម្ម ដោយស័យ្វ ប្រវតិ្តកម្ម,KH,PT,19
