Year,SERIES,REF_AREA,UNIT_MEASURE,Value
2015,៨.៩.២ សមាមាត្រនៃចំនួនកម្មករនិយោជិតេធ្វើការក្នុងវិស័យទេសចរណ៍និងចំនួនអ្នកធ្វើការសរុប,,PT,7.0
2016,៨.៩.២ សមាមាត្រនៃចំនួនកម្មករនិយោជិតេធ្វើការក្នុងវិស័យទេសចរណ៍និងចំនួនអ្នកធ្វើការសរុប,,PT,7.0
2017,៨.៩.២ សមាមាត្រនៃចំនួនកម្មករនិយោជិតេធ្វើការក្នុងវិស័យទេសចរណ៍និងចំនួនអ្នកធ្វើការសរុប,,PT,7.0
2018,៨.៩.២ សមាមាត្រនៃចំនួនកម្មករនិយោជិតេធ្វើការក្នុងវិស័យទេសចរណ៍និងចំនួនអ្នកធ្វើការសរុប,,PT,7.0
2019,៨.៩.២ សមាមាត្រនៃចំនួនកម្មករនិយោជិតេធ្វើការក្នុងវិស័យទេសចរណ៍និងចំនួនអ្នកធ្វើការសរុប,,PT,7.0
2020,៨.៩.២ សមាមាត្រនៃចំនួនកម្មករនិយោជិតេធ្វើការក្នុងវិស័យទេសចរណ៍និងចំនួនអ្នកធ្វើការសរុប,,PT,7.5
