Year,SERIES,REF_AREA,UNIT_MEASURE,Value
2016,៨.ក.១ ការប្តេជ្ញា និងផ្តល់ហិរញ្ញប្បទានសហ្របតិបត្តិការសម្រាប់វិស័យពាណិជ្ជកម្ម,KH,PT,0.018
2017,៨.ក.១ ការប្តេជ្ញា និងផ្តល់ហិរញ្ញប្បទានសហ្របតិបត្តិការសម្រាប់វិស័យពាណិជ្ជកម្ម,KH,PT,0.017
2018,៨.ក.១ ការប្តេជ្ញា និងផ្តល់ហិរញ្ញប្បទានសហ្របតិបត្តិការសម្រាប់វិស័យពាណិជ្ជកម្ម,KH,PT,0.016
2019,៨.ក.១ ការប្តេជ្ញា និងផ្តល់ហិរញ្ញប្បទានសហ្របតិបត្តិការសម្រាប់វិស័យពាណិជ្ជកម្ម,KH,PT,0.015
2020,៨.ក.១ ការប្តេជ្ញា និងផ្តល់ហិរញ្ញប្បទានសហ្របតិបត្តិការសម្រាប់វិស័យពាណិជ្ជកម្ម,KH,PT,0.014
