Year,SERIES,REF_AREA,UNIT_MEASURE,Value
2015,៩.២.១ សមមាត្រនៃចំនួននិយោជិតកម្ពុជាក្នុងវិស័យ សហគ្រាសកម្មន្តសាល ធៀបនឹងចំនួនការងារសរុបក្នុងប្រទេស,KH,PT,10
2016,៩.២.១ សមមាត្រនៃចំនួននិយោជិតកម្ពុជាក្នុងវិស័យ សហគ្រាសកម្មន្តសាល ធៀបនឹងចំនួនការងារសរុបក្នុងប្រទេស,KH,PT,10
2017,៩.២.១ សមមាត្រនៃចំនួននិយោជិតកម្ពុជាក្នុងវិស័យ សហគ្រាសកម្មន្តសាល ធៀបនឹងចំនួនការងារសរុបក្នុងប្រទេស,KH,PT,12
2018,៩.២.១ សមមាត្រនៃចំនួននិយោជិតកម្ពុជាក្នុងវិស័យ សហគ្រាសកម្មន្តសាល ធៀបនឹងចំនួនការងារសរុបក្នុងប្រទេស,KH,PT,13
2019,៩.២.១ សមមាត្រនៃចំនួននិយោជិតកម្ពុជាក្នុងវិស័យ សហគ្រាសកម្មន្តសាល ធៀបនឹងចំនួនការងារសរុបក្នុងប្រទេស,KH,PT,14
2020,៩.២.១ សមមាត្រនៃចំនួននិយោជិតកម្ពុជាក្នុងវិស័យ សហគ្រាសកម្មន្តសាល ធៀបនឹងចំនួនការងារសរុបក្នុងប្រទេស,KH,PT,15
