Year,SERIES,REF_AREA,UNIT_MEASURE,Value
2015,៩.គ.១ សមមាត្រនៃប្រជជនប្រើប្រាស់បណ្តាញអ៊ិនធើណេត(ចល័តនិងអចល័ត),,PT,44.11
2016,៩.គ.១ សមមាត្រនៃប្រជជនប្រើប្រាស់បណ្តាញអ៊ិនធើណេត(ចល័តនិងអចល័ត),,PT,51.83
2017,៩.គ.១ សមមាត្រនៃប្រជជនប្រើប្រាស់បណ្តាញអ៊ិនធើណេត(ចល័តនិងអចល័ត),,PT,68.4
2018,៩.គ.១ សមមាត្រនៃប្រជជនប្រើប្រាស់បណ្តាញអ៊ិនធើណេត(ចល័តនិងអចល័ត),,PT,84.7
2019,៩.គ.១ សមមាត្រនៃប្រជជនប្រើប្រាស់បណ្តាញអ៊ិនធើណេត(ចល័តនិងអចល័ត),,PT,100.38
2020,៩.គ.១ សមមាត្រនៃប្រជជនប្រើប្រាស់បណ្តាញអ៊ិនធើណេត(ចល័តនិងអចល័ត),,PT,93.93
