Year,SERIES,REF_AREA,SEX,AGE,URBANISATION,INCOME_WEALTH_QUANTILE,UNIT_MEASURE,Value
2000,SH_DYN_MORT,KH,F,Y0T4,,,PER_100_LIVE_BIRTHS,110.1
2005,SH_DYN_MORT,KH,F,Y0T4,,,PER_100_LIVE_BIRTHS,97.0
2010,SH_DYN_MORT,KH,F,Y0T4,,,PER_100_LIVE_BIRTHS,59.0
2014,SH_DYN_MORT,KH,F,Y0T4,,,PER_100_LIVE_BIRTHS,41.0
2000,SH_DYN_MORT,KH,M,Y0T4,,,PER_100_LIVE_BIRTHS,132.8
2005,SH_DYN_MORT,KH,M,Y0T4,,,PER_100_LIVE_BIRTHS,115.0
2010,SH_DYN_MORT,KH,M,Y0T4,,,PER_100_LIVE_BIRTHS,76.0
2014,SH_DYN_MORT,KH,M,Y0T4,,,PER_100_LIVE_BIRTHS,54.0
2000,SH_DYN_MORT,KH,,Y0T4,,,PER_100_LIVE_BIRTHS,124.4
2005,SH_DYN_MORT,KH,,Y0T4,,,PER_100_LIVE_BIRTHS,83.0
2010,SH_DYN_MORT,KH,,Y0T4,,,PER_100_LIVE_BIRTHS,54.0
2014,SH_DYN_MORT,KH,,Y0T4,,,PER_100_LIVE_BIRTHS,35.0
2005,SH_DYN_MORT,KH,,Y0T4,,Q1,PER_100_LIVE_BIRTHS,127.0
2010,SH_DYN_MORT,KH,,Y0T4,,Q1,PER_100_LIVE_BIRTHS,90.0
2014,SH_DYN_MORT,KH,,Y0T4,,Q1,PER_100_LIVE_BIRTHS,76.0
2005,SH_DYN_MORT,KH,,Y0T4,,Q2,PER_100_LIVE_BIRTHS,129.0
2010,SH_DYN_MORT,KH,,Y0T4,,Q2,PER_100_LIVE_BIRTHS,83.0
2014,SH_DYN_MORT,KH,,Y0T4,,Q2,PER_100_LIVE_BIRTHS,56.0
2005,SH_DYN_MORT,KH,,Y0T4,,Q3,PER_100_LIVE_BIRTHS,114.0
2010,SH_DYN_MORT,KH,,Y0T4,,Q3,PER_100_LIVE_BIRTHS,68.0
2014,SH_DYN_MORT,KH,,Y0T4,,Q3,PER_100_LIVE_BIRTHS,41.0
2005,SH_DYN_MORT,KH,,Y0T4,,Q4,PER_100_LIVE_BIRTHS,92.0
2010,SH_DYN_MORT,KH,,Y0T4,,Q4,PER_100_LIVE_BIRTHS,49.0
2014,SH_DYN_MORT,KH,,Y0T4,,Q4,PER_100_LIVE_BIRTHS,33.0
2005,SH_DYN_MORT,KH,,Y0T4,,Q5,PER_100_LIVE_BIRTHS,43.0
2010,SH_DYN_MORT,KH,,Y0T4,,Q5,PER_100_LIVE_BIRTHS,30.0
2014,SH_DYN_MORT,KH,,Y0T4,,Q5,PER_100_LIVE_BIRTHS,19.0
2000,SH_DYN_MORT,KH,,Y0T4,U,,PER_100_LIVE_BIRTHS,92.6
2005,SH_DYN_MORT,KH,,Y0T4,U,,PER_100_LIVE_BIRTHS,76.0
2010,SH_DYN_MORT,KH,,Y0T4,U,,PER_100_LIVE_BIRTHS,29.0
2014,SH_DYN_MORT,KH,,Y0T4,U,,PER_100_LIVE_BIRTHS,18.0
2000,SH_DYN_MORT,KH,,Y0T4,R,,PER_100_LIVE_BIRTHS,126.0
2005,SH_DYN_MORT,KH,,Y0T4,R,,PER_100_LIVE_BIRTHS,111.0
2010,SH_DYN_MORT,KH,,Y0T4,R,,PER_100_LIVE_BIRTHS,75.0
2014,SH_DYN_MORT,KH,,Y0T4,R,,PER_100_LIVE_BIRTHS,52.0
2000,SH_DYN_MORT,KH01,,Y0T4,,,PER_100_LIVE_BIRTHS,107.7
2005,SH_DYN_MORT,KH01,,Y0T4,,,PER_100_LIVE_BIRTHS,96.0
2010,SH_DYN_MORT,KH01,,Y0T4,,,PER_100_LIVE_BIRTHS,76.0
2014,SH_DYN_MORT,KH01,,Y0T4,,,PER_100_LIVE_BIRTHS,32.0
2000,SH_DYN_MORT,KH03,,Y0T4,,,PER_100_LIVE_BIRTHS,133.8
2005,SH_DYN_MORT,KH03,,Y0T4,,,PER_100_LIVE_BIRTHS,111.0
2010,SH_DYN_MORT,KH03,,Y0T4,,,PER_100_LIVE_BIRTHS,58.0
2014,SH_DYN_MORT,KH03,,Y0T4,,,PER_100_LIVE_BIRTHS,48.0
2000,SH_DYN_MORT,KH04,,Y0T4,,,PER_100_LIVE_BIRTHS,160.0
2005,SH_DYN_MORT,KH04,,Y0T4,,,PER_100_LIVE_BIRTHS,101.0
2010,SH_DYN_MORT,KH04,,Y0T4,,,PER_100_LIVE_BIRTHS,97.0
2014,SH_DYN_MORT,KH04,,Y0T4,,,PER_100_LIVE_BIRTHS,55.0
2000,SH_DYN_MORT,KH05,,Y0T4,,,PER_100_LIVE_BIRTHS,89.5
2005,SH_DYN_MORT,KH05,,Y0T4,,,PER_100_LIVE_BIRTHS,122.0
2010,SH_DYN_MORT,KH05,,Y0T4,,,PER_100_LIVE_BIRTHS,73.0
2014,SH_DYN_MORT,KH05,,Y0T4,,,PER_100_LIVE_BIRTHS,31.0
2000,SH_DYN_MORT,KH06,,Y0T4,,,PER_100_LIVE_BIRTHS,98.8
2005,SH_DYN_MORT,KH06,,Y0T4,,,PER_100_LIVE_BIRTHS,106.0
2010,SH_DYN_MORT,KH06,,Y0T4,,,PER_100_LIVE_BIRTHS,67.0
2014,SH_DYN_MORT,KH06,,Y0T4,,,PER_100_LIVE_BIRTHS,60.0
2000,SH_DYN_MORT,KH08,,Y0T4,,,PER_100_LIVE_BIRTHS,108.2
2005,SH_DYN_MORT,KH08,,Y0T4,,,PER_100_LIVE_BIRTHS,101.0
2010,SH_DYN_MORT,KH08,,Y0T4,,,PER_100_LIVE_BIRTHS,69.0
2014,SH_DYN_MORT,KH08,,Y0T4,,,PER_100_LIVE_BIRTHS,40.0
2000,SH_DYN_MORT,KH09,,Y0T4,,,PER_100_LIVE_BIRTHS,90.8
2005,SH_DYN_MORT,KH10,,Y0T4,,,PER_100_LIVE_BIRTHS,116.0
2010,SH_DYN_MORT,KH10,,Y0T4,,,PER_100_LIVE_BIRTHS,86.0
2014,SH_DYN_MORT,KH10,,Y0T4,,,PER_100_LIVE_BIRTHS,80.0
2005,SH_DYN_MORT,KH22,,Y0T4,,,PER_100_LIVE_BIRTHS,110.0
2010,SH_DYN_MORT,KH22,,Y0T4,,,PER_100_LIVE_BIRTHS,47.0
2014,SH_DYN_MORT,KH22,,Y0T4,,,PER_100_LIVE_BIRTHS,41.0
2000,SH_DYN_MORT,KH12,,Y0T4,,,PER_100_LIVE_BIRTHS,49.7
2005,SH_DYN_MORT,KH12,,Y0T4,,,PER_100_LIVE_BIRTHS,52.0
2010,SH_DYN_MORT,KH12,,Y0T4,,,PER_100_LIVE_BIRTHS,18.0
2014,SH_DYN_MORT,KH12,,Y0T4,,,PER_100_LIVE_BIRTHS,23.0
2000,SH_DYN_MORT,KH14,,Y0T4,,,PER_100_LIVE_BIRTHS,151.3
2005,SH_DYN_MORT,KH14,,Y0T4,,,PER_100_LIVE_BIRTHS,143.0
2010,SH_DYN_MORT,KH14,,Y0T4,,,PER_100_LIVE_BIRTHS,74.0
2014,SH_DYN_MORT,KH14,,Y0T4,,,PER_100_LIVE_BIRTHS,75.0
2000,SH_DYN_MORT,KH15,,Y0T4,,,PER_100_LIVE_BIRTHS,172.7
2005,SH_DYN_MORT,KH15,,Y0T4,,,PER_100_LIVE_BIRTHS,106.0
2010,SH_DYN_MORT,KH15,,Y0T4,,,PER_100_LIVE_BIRTHS,57.0
2014,SH_DYN_MORT,KH15,,Y0T4,,,PER_100_LIVE_BIRTHS,36.0
2005,SH_DYN_MORT,KH17,,Y0T4,,,PER_100_LIVE_BIRTHS,94.0
2010,SH_DYN_MORT,KH17,,Y0T4,,,PER_100_LIVE_BIRTHS,60.0
2014,SH_DYN_MORT,KH17,,Y0T4,,,PER_100_LIVE_BIRTHS,56.0
2000,SH_DYN_MORT,KH20,,Y0T4,,,PER_100_LIVE_BIRTHS,129.6
2005,SH_DYN_MORT,KH20,,Y0T4,,,PER_100_LIVE_BIRTHS,110.0
2010,SH_DYN_MORT,KH20,,Y0T4,,,PER_100_LIVE_BIRTHS,93.0
2014,SH_DYN_MORT,KH20,,Y0T4,,,PER_100_LIVE_BIRTHS,63.0
2000,SH_DYN_MORT,KH21,,Y0T4,,,PER_100_LIVE_BIRTHS,118.5
2005,SH_DYN_MORT,KH21,,Y0T4,,,PER_100_LIVE_BIRTHS,102.0
2010,SH_DYN_MORT,KH21,,Y0T4,,,PER_100_LIVE_BIRTHS,84.0
2014,SH_DYN_MORT,KH21,,Y0T4,,,PER_100_LIVE_BIRTHS,31.0
2000,SH_DYN_MORT,KH_AGG_KH02_KH24,,Y0T4,,,PER_100_LIVE_BIRTHS,126.6
2005,SH_DYN_MORT,KH_AGG_KH02_KH24,,Y0T4,,,PER_100_LIVE_BIRTHS,116.0
2010,SH_DYN_MORT,KH_AGG_KH02_KH24,,Y0T4,,,PER_100_LIVE_BIRTHS,54.0
2014,SH_DYN_MORT,KH_AGG_KH02_KH24,,Y0T4,,,PER_100_LIVE_BIRTHS,37.0
2000,SH_DYN_MORT,KH_AGG_KH07_KH18_KH23,,Y0T4,,,PER_100_LIVE_BIRTHS,124.4
2000,SH_DYN_MORT,KH_AGG_KH10_KH13_KH19,,Y0T4,,,PER_100_LIVE_BIRTHS,119.5
2000,SH_DYN_MORT,KH_AGG_KH11_KH16,,Y0T4,,,PER_100_LIVE_BIRTHS,229.3
2005,SH_DYN_MORT,KH_AGG_KH11_KH16,,Y0T4,,,PER_100_LIVE_BIRTHS,165.0
2010,SH_DYN_MORT,KH_AGG_KH11_KH16,,Y0T4,,,PER_100_LIVE_BIRTHS,106.0
2014,SH_DYN_MORT,KH_AGG_KH11_KH16,,Y0T4,,,PER_100_LIVE_BIRTHS,80.0
2000,SH_DYN_MORT,KH_AGG_KH22_KH17,,Y0T4,,,PER_100_LIVE_BIRTHS,124.6
2005,SH_DYN_MORT,KH_AGG_KH07_KH23,,Y0T4,,,PER_100_LIVE_BIRTHS,83.0
2010,SH_DYN_MORT,KH_AGG_KH07_KH23,,Y0T4,,,PER_100_LIVE_BIRTHS,73.0
2014,SH_DYN_MORT,KH_AGG_KH07_KH23,,Y0T4,,,PER_100_LIVE_BIRTHS,44.0
2005,SH_DYN_MORT,KH_KH09_KH18,,Y0T4,,,PER_100_LIVE_BIRTHS,104.0
2010,SH_DYN_MORT,KH_KH09_KH18,,Y0T4,,,PER_100_LIVE_BIRTHS,63.0
2014,SH_DYN_MORT,KH_KH09_KH18,,Y0T4,,,PER_100_LIVE_BIRTHS,42.0
2005,SH_DYN_MORT,KH_AGG_KH13_KH19,,Y0T4,,,PER_100_LIVE_BIRTHS,146.0
2010,SH_DYN_MORT,KH_AGG_KH13_KH19,,Y0T4,,,PER_100_LIVE_BIRTHS,118.0
2014,SH_DYN_MORT,KH_AGG_KH13_KH19,,Y0T4,,,PER_100_LIVE_BIRTHS,79.0
